"order_id","date","city","product","qty","price","revenue"
1,"2026-09-18","Алматы","Ноутбук",5,25000,125000
2,"2026-07-05","Ақтөбе","Ноутбук",3,25000,75000
3,"2026-05-20","Астана","Планшет",1,180000,180000
4,"2026-02-05","Қызылорда","Құлаққап",7,25000,175000
5,"2026-07-05","Қызылорда","Құлаққап",1,25000,25000
6,"2026-07-02","Шымкент","Телефон",9,120000,1080000
7,"2026-06-17","Қызылорда","Ноутбук",1,180000,180000
8,"2026-02-17","Шымкент","Телефон",2,25000,50000
9,"2026-04-14","Астана","Планшет",8,120000,960000
10,"2026-05-16","Алматы","Ноутбук",9,180000,1620000
11,"2026-02-06","Қызылорда","Телефон",2,350000,7e+05
12,"2026-04-18","Қызылорда","Құлаққап",4,180000,720000
13,"2026-09-18","Ақтөбе","Планшет",5,25000,125000
14,"2026-06-14","Қызылорда","Телефон",4,25000,1e+05
15,"2026-05-17","Шымкент","Ноутбук",1,120000,120000
16,"2026-09-13","Шымкент","Телефон",1,120000,120000
17,"2026-01-12","Ақтөбе","Планшет",3,350000,1050000
18,"2026-02-09","Қызылорда","Құлаққап",6,180000,1080000
19,"2026-01-22","Ақтөбе","Құлаққап",3,25000,75000
20,"2026-03-11","Шымкент","Ноутбук",3,350000,1050000
21,"2026-01-15","Қызылорда","Құлаққап",4,180000,720000
22,"2026-03-16","Астана","Планшет",7,120000,840000
23,"2026-01-29","Қызылорда","Құлаққап",4,350000,1400000
24,"2026-05-11","Астана","Құлаққап",5,350000,1750000
25,"2026-03-03","Астана","Ноутбук",2,25000,50000
26,"2026-05-07","Астана","Телефон",7,120000,840000
27,"2026-04-11","Ақтөбе","Телефон",9,350000,3150000
28,"2026-09-04","Астана","Ноутбук",7,120000,840000
29,"2026-07-01","Шымкент","Планшет",7,350000,2450000
30,"2026-05-16","Шымкент","Планшет",10,180000,1800000
31,"2026-05-18","Алматы","Ноутбук",5,120000,6e+05
32,"2026-03-09","Шымкент","Планшет",9,180000,1620000
33,"2026-02-02","Шымкент","Құлаққап",3,350000,1050000
34,"2026-06-15","Астана","Ноутбук",1,180000,180000
35,"2026-07-04","Шымкент","Ноутбук",2,350000,7e+05
36,"2026-08-25","Алматы","Құлаққап",5,350000,1750000
37,"2026-07-11","Ақтөбе","Телефон",2,25000,50000
38,"2026-07-05","Ақтөбе","Ноутбук",1,120000,120000
39,"2026-03-06","Алматы","Құлаққап",5,25000,125000
40,"2026-01-09","Алматы","Құлаққап",8,180000,1440000
41,"2026-08-29","Қызылорда","Құлаққап",7,180000,1260000
42,"2026-04-15","Алматы","Планшет",6,350000,2100000
43,"2026-07-16","Ақтөбе","Планшет",10,120000,1200000
44,"2026-05-08","Шымкент","Планшет",10,25000,250000
45,"2026-07-17","Шымкент","Ноутбук",1,120000,120000
46,"2026-06-20","Қызылорда","Ноутбук",2,120000,240000
47,"2026-02-05","Қызылорда","Планшет",5,350000,1750000
48,"2026-03-14","Ақтөбе","Ноутбук",5,120000,6e+05
49,"2026-07-14","Шымкент","Ноутбук",4,180000,720000
50,"2026-07-23","Шымкент","Телефон",8,350000,2800000
51,"2026-02-19","Шымкент","Ноутбук",2,180000,360000
52,"2026-05-25","Шымкент","Планшет",7,180000,1260000
53,"2026-06-25","Ақтөбе","Планшет",3,350000,1050000
54,"2026-06-13","Қызылорда","Құлаққап",7,25000,175000
55,"2026-06-15","Астана","Телефон",10,180000,1800000
56,"2026-08-13","Алматы","Телефон",5,25000,125000
57,"2026-09-15","Қызылорда","Телефон",1,25000,25000
58,"2026-04-27","Ақтөбе","Құлаққап",1,180000,180000
59,"2026-03-29","Шымкент","Құлаққап",1,120000,120000
60,"2026-09-04","Ақтөбе","Планшет",4,25000,1e+05
61,"2026-03-12","Алматы","Құлаққап",2,350000,7e+05
62,"2026-09-23","Шымкент","Құлаққап",5,120000,6e+05
63,"2026-04-12","Ақтөбе","Құлаққап",8,25000,2e+05
64,"2026-01-19","Шымкент","Ноутбук",4,25000,1e+05
65,"2026-02-16","Ақтөбе","Ноутбук",10,180000,1800000
66,"2026-06-10","Алматы","Құлаққап",6,25000,150000
67,"2026-03-07","Алматы","Құлаққап",3,350000,1050000
68,"2026-09-02","Шымкент","Ноутбук",3,350000,1050000
69,"2026-05-19","Шымкент","Планшет",8,25000,2e+05
70,"2026-08-06","Астана","Құлаққап",8,180000,1440000
71,"2026-03-03","Алматы","Құлаққап",9,25000,225000
72,"2026-01-04","Алматы","Телефон",1,350000,350000
73,"2026-01-16","Қызылорда","Планшет",8,25000,2e+05
74,"2026-04-27","Қызылорда","Телефон",10,25000,250000
75,"2026-09-19","Шымкент","Ноутбук",9,180000,1620000
76,"2026-01-16","Шымкент","Құлаққап",1,350000,350000
77,"2026-04-09","Алматы","Планшет",8,350000,2800000
78,"2026-05-20","Астана","Планшет",6,350000,2100000
79,"2026-05-03","Алматы","Планшет",4,350000,1400000
80,"2026-01-29","Ақтөбе","Ноутбук",4,350000,1400000
81,"2026-01-10","Алматы","Телефон",1,120000,120000
82,"2026-01-28","Шымкент","Телефон",3,120000,360000
83,"2026-07-04","Астана","Планшет",5,25000,125000
84,"2026-04-01","Алматы","Планшет",8,180000,1440000
85,"2026-04-24","Қызылорда","Құлаққап",5,25000,125000
86,"2026-09-22","Алматы","Құлаққап",5,25000,125000
87,"2026-05-19","Астана","Планшет",10,350000,3500000
88,"2026-01-15","Қызылорда","Ноутбук",10,180000,1800000
89,"2026-08-21","Алматы","Планшет",9,350000,3150000
90,"2026-07-25","Ақтөбе","Құлаққап",9,120000,1080000
91,"2026-01-07","Астана","Құлаққап",2,180000,360000
92,"2026-05-25","Алматы","Планшет",10,25000,250000
93,"2026-08-10","Шымкент","Құлаққап",3,180000,540000
94,"2026-04-19","Астана","Ноутбук",8,25000,2e+05
95,"2026-09-09","Қызылорда","Ноутбук",8,25000,2e+05
96,"2026-07-05","Алматы","Планшет",7,120000,840000
97,"2026-08-20","Қызылорда","Құлаққап",5,120000,6e+05
98,"2026-01-09","Ақтөбе","Құлаққап",9,25000,225000
99,"2026-02-24","Алматы","Телефон",8,25000,2e+05
100,"2026-09-16","Астана","Ноутбук",10,120000,1200000
101,"2026-01-12","Астана","Ноутбук",2,180000,360000
102,"2026-07-12","Астана","Телефон",6,350000,2100000
103,"2026-04-22","Шымкент","Планшет",8,25000,2e+05
104,"2026-02-13","Шымкент","Құлаққап",8,180000,1440000
105,"2026-02-02","Қызылорда","Ноутбук",5,350000,1750000
106,"2026-02-22","Қызылорда","Құлаққап",1,25000,25000
107,"2026-01-13","Астана","Құлаққап",8,350000,2800000
108,"2026-04-20","Ақтөбе","Ноутбук",10,25000,250000
109,"2026-01-14","Ақтөбе","Планшет",1,180000,180000
110,"2026-09-13","Қызылорда","Телефон",6,350000,2100000
111,"2026-03-26","Алматы","Планшет",5,120000,6e+05
112,"2026-06-28","Алматы","Телефон",1,25000,25000
113,"2026-06-12","Алматы","Телефон",2,120000,240000
114,"2026-09-13","Астана","Планшет",10,120000,1200000
115,"2026-07-24","Астана","Құлаққап",10,350000,3500000
116,"2026-04-23","Шымкент","Телефон",6,120000,720000
117,"2026-08-16","Алматы","Ноутбук",4,180000,720000
118,"2026-06-19","Қызылорда","Планшет",1,120000,120000
119,"2026-01-08","Ақтөбе","Құлаққап",10,350000,3500000
120,"2026-09-15","Қызылорда","Телефон",8,180000,1440000
121,"2026-01-19","Астана","Құлаққап",6,350000,2100000
122,"2026-07-20","Алматы","Планшет",8,25000,2e+05
123,"2026-03-15","Астана","Телефон",3,25000,75000
124,"2026-02-18","Алматы","Құлаққап",8,350000,2800000
125,"2026-05-31","Шымкент","Телефон",3,25000,75000
126,"2026-04-27","Шымкент","Ноутбук",7,180000,1260000
127,"2026-04-12","Қызылорда","Планшет",8,350000,2800000
128,"2026-05-05","Қызылорда","Ноутбук",8,120000,960000
129,"2026-01-04","Шымкент","Планшет",2,180000,360000
130,"2026-09-04","Қызылорда","Құлаққап",4,180000,720000
131,"2026-09-15","Астана","Құлаққап",8,180000,1440000
132,"2026-06-13","Алматы","Телефон",1,120000,120000
133,"2026-03-31","Қызылорда","Планшет",1,180000,180000
134,"2026-06-02","Ақтөбе","Ноутбук",1,25000,25000
135,"2026-08-25","Шымкент","Телефон",4,350000,1400000
136,"2026-05-08","Алматы","Ноутбук",2,25000,50000
137,"2026-08-05","Алматы","Ноутбук",4,25000,1e+05
138,"2026-03-11","Алматы","Телефон",4,350000,1400000
139,"2026-07-27","Шымкент","Телефон",3,350000,1050000
140,"2026-06-11","Алматы","Планшет",3,180000,540000
141,"2026-01-10","Ақтөбе","Телефон",3,120000,360000
142,"2026-02-21","Ақтөбе","Телефон",1,25000,25000
143,"2026-02-19","Шымкент","Планшет",8,350000,2800000
144,"2026-08-14","Қызылорда","Құлаққап",5,25000,125000
145,"2026-05-03","Қызылорда","Планшет",1,120000,120000
146,"2026-02-02","Алматы","Ноутбук",8,350000,2800000
147,"2026-07-08","Алматы","Құлаққап",7,350000,2450000
148,"2026-05-22","Шымкент","Планшет",6,120000,720000
149,"2026-04-14","Астана","Телефон",7,25000,175000
150,"2026-01-08","Алматы","Планшет",10,350000,3500000
151,"2026-04-24","Астана","Планшет",1,350000,350000
152,"2026-05-01","Шымкент","Құлаққап",4,25000,1e+05
153,"2026-01-06","Ақтөбе","Ноутбук",5,180000,9e+05
154,"2026-08-08","Ақтөбе","Құлаққап",6,180000,1080000
155,"2026-07-27","Шымкент","Құлаққап",10,350000,3500000
156,"2026-08-02","Қызылорда","Ноутбук",4,25000,1e+05
157,"2026-05-18","Астана","Телефон",7,120000,840000
158,"2026-03-22","Алматы","Планшет",7,25000,175000
159,"2026-05-27","Қызылорда","Планшет",10,25000,250000
160,"2026-05-22","Шымкент","Ноутбук",5,350000,1750000
161,"2026-06-18","Шымкент","Планшет",2,120000,240000
162,"2026-09-19","Ақтөбе","Ноутбук",1,120000,120000
163,"2026-01-20","Ақтөбе","Құлаққап",4,180000,720000
164,"2026-09-18","Астана","Телефон",8,180000,1440000
165,"2026-09-03","Шымкент","Ноутбук",8,180000,1440000
166,"2026-08-31","Астана","Ноутбук",1,25000,25000
167,"2026-05-27","Астана","Ноутбук",1,120000,120000
168,"2026-07-17","Алматы","Құлаққап",5,25000,125000
169,"2026-05-08","Қызылорда","Ноутбук",5,350000,1750000
170,"2026-06-26","Астана","Құлаққап",8,180000,1440000
171,"2026-01-07","Ақтөбе","Құлаққап",10,350000,3500000
172,"2026-01-19","Қызылорда","Құлаққап",8,180000,1440000
173,"2026-07-04","Шымкент","Телефон",3,350000,1050000
174,"2026-05-22","Қызылорда","Құлаққап",5,350000,1750000
175,"2026-05-26","Астана","Ноутбук",5,180000,9e+05
176,"2026-08-27","Астана","Құлаққап",3,25000,75000
177,"2026-05-11","Астана","Планшет",10,350000,3500000
178,"2026-06-07","Шымкент","Телефон",9,350000,3150000
179,"2026-09-04","Алматы","Телефон",9,120000,1080000
180,"2026-08-23","Қызылорда","Планшет",9,350000,3150000
181,"2026-07-11","Астана","Құлаққап",7,180000,1260000
182,"2026-09-08","Астана","Ноутбук",3,350000,1050000
183,"2026-08-25","Ақтөбе","Құлаққап",7,120000,840000
184,"2026-06-08","Астана","Құлаққап",7,25000,175000
185,"2026-08-16","Ақтөбе","Планшет",2,25000,50000
186,"2026-03-12","Шымкент","Планшет",5,120000,6e+05
187,"2026-09-03","Қызылорда","Телефон",6,350000,2100000
188,"2026-05-09","Қызылорда","Құлаққап",6,120000,720000
189,"2026-07-13","Шымкент","Планшет",2,25000,50000
190,"2026-03-20","Шымкент","Планшет",8,180000,1440000
191,"2026-03-03","Шымкент","Планшет",1,180000,180000
192,"2026-08-31","Алматы","Планшет",5,350000,1750000
193,"2026-07-09","Алматы","Ноутбук",1,180000,180000
194,"2026-04-28","Қызылорда","Планшет",3,350000,1050000
195,"2026-02-20","Алматы","Ноутбук",9,120000,1080000
196,"2026-04-15","Қызылорда","Телефон",1,25000,25000
197,"2026-05-15","Астана","Құлаққап",6,120000,720000
198,"2026-03-07","Ақтөбе","Планшет",2,120000,240000
199,"2026-06-08","Ақтөбе","Ноутбук",10,120000,1200000
200,"2026-03-05","Астана","Құлаққап",5,25000,125000
201,"2026-01-23","Қызылорда","Құлаққап",8,350000,2800000
202,"2026-01-27","Астана","Құлаққап",7,120000,840000
203,"2026-04-27","Шымкент","Планшет",7,180000,1260000
204,"2026-01-26","Қызылорда","Құлаққап",8,25000,2e+05
205,"2026-06-12","Астана","Ноутбук",5,25000,125000
206,"2026-05-05","Ақтөбе","Құлаққап",9,25000,225000
207,"2026-03-27","Астана","Телефон",1,350000,350000
208,"2026-08-27","Астана","Планшет",10,180000,1800000
209,"2026-05-05","Қызылорда","Құлаққап",2,350000,7e+05
210,"2026-07-01","Қызылорда","Телефон",10,350000,3500000
211,"2026-04-11","Астана","Телефон",9,25000,225000
212,"2026-01-05","Ақтөбе","Ноутбук",4,350000,1400000
213,"2026-08-30","Қызылорда","Планшет",2,180000,360000
214,"2026-01-02","Ақтөбе","Телефон",2,180000,360000
215,"2026-05-16","Қызылорда","Ноутбук",1,180000,180000
216,"2026-03-12","Астана","Құлаққап",4,25000,1e+05
217,"2026-04-21","Астана","Телефон",4,350000,1400000
218,"2026-03-22","Астана","Планшет",9,25000,225000
219,"2026-07-12","Ақтөбе","Телефон",3,180000,540000
220,"2026-07-12","Астана","Телефон",1,180000,180000
221,"2026-07-03","Астана","Телефон",8,350000,2800000
222,"2026-06-08","Ақтөбе","Құлаққап",2,180000,360000
223,"2026-01-23","Қызылорда","Ноутбук",3,350000,1050000
224,"2026-06-15","Ақтөбе","Құлаққап",10,180000,1800000
225,"2026-09-07","Шымкент","Ноутбук",3,350000,1050000
226,"2026-04-02","Алматы","Ноутбук",6,25000,150000
227,"2026-04-02","Астана","Құлаққап",8,120000,960000
228,"2026-03-10","Ақтөбе","Планшет",9,350000,3150000
229,"2026-08-15","Астана","Ноутбук",8,180000,1440000
230,"2026-08-19","Қызылорда","Планшет",5,350000,1750000
231,"2026-07-04","Қызылорда","Телефон",2,25000,50000
232,"2026-09-26","Ақтөбе","Ноутбук",8,120000,960000
233,"2026-07-08","Астана","Планшет",6,25000,150000
234,"2026-07-10","Шымкент","Ноутбук",9,25000,225000
235,"2026-01-01","Алматы","Планшет",1,180000,180000
236,"2026-05-16","Шымкент","Планшет",8,25000,2e+05
237,"2026-05-11","Ақтөбе","Құлаққап",1,180000,180000
238,"2026-01-30","Астана","Планшет",2,180000,360000
239,"2026-09-09","Астана","Планшет",2,350000,7e+05
240,"2026-04-27","Қызылорда","Планшет",10,180000,1800000
241,"2026-01-07","Астана","Планшет",9,350000,3150000
242,"2026-08-08","Қызылорда","Планшет",9,120000,1080000
243,"2026-04-06","Қызылорда","Ноутбук",5,25000,125000
244,"2026-08-15","Шымкент","Ноутбук",2,120000,240000
245,"2026-07-14","Қызылорда","Ноутбук",6,120000,720000
246,"2026-01-22","Алматы","Құлаққап",9,120000,1080000
247,"2026-08-01","Ақтөбе","Телефон",1,25000,25000
248,"2026-03-28","Астана","Планшет",6,120000,720000
249,"2026-03-28","Астана","Телефон",3,350000,1050000
250,"2026-01-16","Ақтөбе","Планшет",5,120000,6e+05
251,"2026-03-11","Астана","Құлаққап",8,25000,2e+05
252,"2026-05-27","Алматы","Құлаққап",5,120000,6e+05
253,"2026-07-11","Шымкент","Телефон",2,25000,50000
254,"2026-04-20","Ақтөбе","Ноутбук",2,25000,50000
255,"2026-06-14","Алматы","Телефон",6,120000,720000
256,"2026-04-18","Астана","Құлаққап",1,25000,25000
257,"2026-09-06","Шымкент","Планшет",8,120000,960000
258,"2026-09-02","Астана","Құлаққап",3,180000,540000
259,"2026-05-05","Қызылорда","Құлаққап",2,180000,360000
260,"2026-02-23","Астана","Құлаққап",2,180000,360000
261,"2026-07-11","Қызылорда","Телефон",9,120000,1080000
262,"2026-08-02","Қызылорда","Ноутбук",4,25000,1e+05
263,"2026-03-28","Қызылорда","Планшет",5,120000,6e+05
264,"2026-09-12","Қызылорда","Планшет",7,25000,175000
265,"2026-08-09","Ақтөбе","Телефон",7,25000,175000
266,"2026-03-04","Ақтөбе","Ноутбук",6,180000,1080000
267,"2026-08-17","Қызылорда","Планшет",10,120000,1200000
268,"2026-02-06","Ақтөбе","Құлаққап",8,350000,2800000
269,"2026-01-14","Алматы","Планшет",1,120000,120000
270,"2026-01-11","Шымкент","Планшет",7,25000,175000
271,"2026-09-19","Ақтөбе","Телефон",6,180000,1080000
272,"2026-09-23","Ақтөбе","Құлаққап",1,350000,350000
273,"2026-09-18","Ақтөбе","Құлаққап",2,180000,360000
274,"2026-09-17","Ақтөбе","Телефон",2,120000,240000
275,"2026-05-17","Қызылорда","Ноутбук",6,350000,2100000
276,"2026-08-21","Шымкент","Телефон",7,180000,1260000
277,"2026-03-20","Қызылорда","Телефон",9,25000,225000
278,"2026-02-09","Шымкент","Құлаққап",2,25000,50000
279,"2026-05-13","Ақтөбе","Ноутбук",7,350000,2450000
280,"2026-05-16","Қызылорда","Телефон",10,120000,1200000
281,"2026-03-22","Қызылорда","Планшет",1,180000,180000
282,"2026-05-13","Алматы","Құлаққап",1,180000,180000
283,"2026-05-28","Алматы","Телефон",6,350000,2100000
284,"2026-06-02","Алматы","Ноутбук",10,25000,250000
285,"2026-01-03","Астана","Планшет",6,120000,720000
286,"2026-01-12","Қызылорда","Телефон",4,180000,720000
287,"2026-04-21","Шымкент","Құлаққап",8,25000,2e+05
288,"2026-05-13","Қызылорда","Ноутбук",1,350000,350000
289,"2026-03-03","Шымкент","Ноутбук",6,180000,1080000
290,"2026-05-25","Қызылорда","Планшет",7,120000,840000
291,"2026-01-20","Ақтөбе","Планшет",3,120000,360000
292,"2026-04-23","Шымкент","Ноутбук",5,120000,6e+05
293,"2026-08-22","Алматы","Планшет",2,180000,360000
294,"2026-04-21","Ақтөбе","Құлаққап",7,120000,840000
295,"2026-03-27","Ақтөбе","Құлаққап",8,25000,2e+05
296,"2026-08-02","Алматы","Телефон",3,350000,1050000
297,"2026-03-25","Шымкент","Телефон",2,25000,50000
298,"2026-05-12","Астана","Ноутбук",5,180000,9e+05
299,"2026-05-11","Астана","Телефон",6,180000,1080000
300,"2026-03-27","Алматы","Планшет",9,350000,3150000
301,"2026-02-19","Астана","Құлаққап",5,180000,9e+05
302,"2026-07-21","Ақтөбе","Ноутбук",3,180000,540000
303,"2026-04-22","Шымкент","Телефон",9,350000,3150000
304,"2026-04-09","Астана","Ноутбук",5,25000,125000
305,"2026-08-30","Алматы","Телефон",1,120000,120000
306,"2026-06-13","Шымкент","Құлаққап",10,350000,3500000
307,"2026-04-01","Астана","Телефон",7,180000,1260000
308,"2026-02-19","Қызылорда","Ноутбук",1,120000,120000
309,"2026-03-04","Қызылорда","Телефон",7,350000,2450000
310,"2026-03-26","Астана","Телефон",2,120000,240000
311,"2026-09-10","Астана","Құлаққап",2,180000,360000
312,"2026-05-22","Алматы","Планшет",8,25000,2e+05
313,"2026-09-17","Шымкент","Ноутбук",4,120000,480000
314,"2026-09-12","Ақтөбе","Құлаққап",10,120000,1200000
315,"2026-03-30","Қызылорда","Құлаққап",4,350000,1400000
316,"2026-01-30","Астана","Ноутбук",7,350000,2450000
317,"2026-05-26","Ақтөбе","Құлаққап",10,25000,250000
318,"2026-03-11","Астана","Планшет",10,180000,1800000
319,"2026-07-11","Шымкент","Планшет",5,120000,6e+05
320,"2026-01-28","Қызылорда","Ноутбук",9,350000,3150000
321,"2026-07-01","Астана","Телефон",3,180000,540000
322,"2026-06-27","Алматы","Құлаққап",2,25000,50000
323,"2026-05-01","Ақтөбе","Құлаққап",3,120000,360000
324,"2026-08-01","Қызылорда","Телефон",1,120000,120000
325,"2026-05-09","Ақтөбе","Ноутбук",7,180000,1260000
326,"2026-03-18","Астана","Құлаққап",8,25000,2e+05
327,"2026-07-24","Ақтөбе","Планшет",3,120000,360000
328,"2026-02-19","Ақтөбе","Ноутбук",2,25000,50000
329,"2026-09-26","Алматы","Ноутбук",1,120000,120000
330,"2026-08-08","Ақтөбе","Ноутбук",3,25000,75000
331,"2026-06-04","Ақтөбе","Планшет",9,180000,1620000
332,"2026-05-23","Қызылорда","Планшет",7,350000,2450000
333,"2026-07-10","Алматы","Ноутбук",2,25000,50000
334,"2026-07-20","Шымкент","Планшет",5,120000,6e+05
335,"2026-01-13","Алматы","Құлаққап",1,120000,120000
336,"2026-08-24","Шымкент","Ноутбук",3,180000,540000
337,"2026-08-24","Қызылорда","Телефон",6,350000,2100000
338,"2026-07-10","Шымкент","Құлаққап",7,25000,175000
339,"2026-02-01","Ақтөбе","Құлаққап",6,25000,150000
340,"2026-01-15","Алматы","Ноутбук",3,180000,540000
341,"2026-07-21","Шымкент","Ноутбук",4,25000,1e+05
342,"2026-09-27","Шымкент","Телефон",1,25000,25000
343,"2026-02-16","Қызылорда","Планшет",1,180000,180000
344,"2026-06-02","Ақтөбе","Ноутбук",5,350000,1750000
345,"2026-06-06","Шымкент","Ноутбук",10,25000,250000
346,"2026-04-26","Ақтөбе","Құлаққап",3,120000,360000
347,"2026-09-08","Астана","Телефон",4,350000,1400000
348,"2026-05-27","Ақтөбе","Ноутбук",5,120000,6e+05
349,"2026-06-14","Астана","Ноутбук",5,180000,9e+05
350,"2026-02-11","Ақтөбе","Құлаққап",9,25000,225000
351,"2026-07-27","Шымкент","Телефон",4,180000,720000
352,"2026-06-03","Шымкент","Ноутбук",2,25000,50000
353,"2026-03-18","Ақтөбе","Планшет",10,350000,3500000
354,"2026-04-21","Алматы","Ноутбук",2,180000,360000
355,"2026-06-10","Ақтөбе","Телефон",7,180000,1260000
356,"2026-02-17","Қызылорда","Құлаққап",6,120000,720000
357,"2026-08-26","Шымкент","Құлаққап",9,180000,1620000
358,"2026-05-03","Астана","Телефон",7,350000,2450000
359,"2026-03-20","Қызылорда","Құлаққап",4,120000,480000
360,"2026-08-02","Ақтөбе","Планшет",7,180000,1260000
361,"2026-08-02","Қызылорда","Құлаққап",9,25000,225000
362,"2026-04-12","Шымкент","Телефон",7,25000,175000
363,"2026-05-26","Шымкент","Телефон",4,350000,1400000
364,"2026-03-06","Алматы","Телефон",3,180000,540000
365,"2026-04-14","Алматы","Ноутбук",9,120000,1080000
366,"2026-02-18","Ақтөбе","Телефон",7,120000,840000
367,"2026-01-06","Ақтөбе","Телефон",9,350000,3150000
368,"2026-01-25","Алматы","Планшет",5,25000,125000
369,"2026-06-17","Астана","Құлаққап",8,25000,2e+05
370,"2026-08-03","Астана","Құлаққап",8,120000,960000
371,"2026-07-04","Алматы","Телефон",6,350000,2100000
372,"2026-05-10","Қызылорда","Планшет",8,180000,1440000
373,"2026-01-19","Қызылорда","Ноутбук",1,25000,25000
374,"2026-03-13","Алматы","Ноутбук",8,180000,1440000
375,"2026-08-12","Алматы","Телефон",3,120000,360000
376,"2026-06-07","Шымкент","Ноутбук",4,25000,1e+05
377,"2026-01-23","Шымкент","Ноутбук",4,25000,1e+05
378,"2026-07-25","Астана","Планшет",6,350000,2100000
379,"2026-05-05","Ақтөбе","Ноутбук",3,25000,75000
380,"2026-05-15","Ақтөбе","Планшет",9,180000,1620000
381,"2026-01-10","Алматы","Ноутбук",2,120000,240000
382,"2026-07-02","Шымкент","Планшет",9,350000,3150000
383,"2026-06-29","Ақтөбе","Ноутбук",2,120000,240000
384,"2026-04-02","Астана","Құлаққап",9,25000,225000
385,"2026-03-13","Алматы","Ноутбук",10,180000,1800000
386,"2026-03-27","Астана","Ноутбук",5,350000,1750000
387,"2026-04-18","Қызылорда","Планшет",4,180000,720000
388,"2026-09-20","Алматы","Телефон",4,120000,480000
389,"2026-09-07","Астана","Планшет",10,25000,250000
390,"2026-06-20","Алматы","Ноутбук",3,350000,1050000
391,"2026-08-21","Алматы","Ноутбук",1,120000,120000
392,"2026-06-15","Алматы","Телефон",4,180000,720000
393,"2026-04-05","Алматы","Ноутбук",3,25000,75000
394,"2026-01-28","Ақтөбе","Ноутбук",1,120000,120000
395,"2026-04-28","Алматы","Ноутбук",10,180000,1800000
396,"2026-08-14","Астана","Ноутбук",8,180000,1440000
397,"2026-01-01","Шымкент","Ноутбук",5,180000,9e+05
398,"2026-09-26","Астана","Планшет",8,120000,960000
399,"2026-03-06","Астана","Телефон",4,350000,1400000
400,"2026-06-30","Алматы","Ноутбук",3,120000,360000
401,"2026-03-06","Шымкент","Планшет",9,120000,1080000
402,"2026-09-26","Астана","Құлаққап",6,180000,1080000
403,"2026-06-24","Астана","Құлаққап",9,25000,225000
404,"2026-06-29","Шымкент","Ноутбук",3,180000,540000
405,"2026-05-22","Алматы","Құлаққап",3,180000,540000
406,"2026-02-09","Алматы","Құлаққап",6,180000,1080000
407,"2026-08-25","Ақтөбе","Планшет",5,350000,1750000
408,"2026-04-27","Астана","Планшет",10,25000,250000
409,"2026-02-01","Қызылорда","Телефон",3,180000,540000
410,"2026-04-28","Қызылорда","Планшет",5,180000,9e+05
411,"2026-08-13","Шымкент","Ноутбук",1,120000,120000
412,"2026-04-25","Шымкент","Телефон",5,120000,6e+05
413,"2026-01-11","Ақтөбе","Құлаққап",8,180000,1440000
414,"2026-07-01","Қызылорда","Телефон",1,350000,350000
415,"2026-01-19","Астана","Телефон",10,180000,1800000
416,"2026-03-23","Шымкент","Ноутбук",3,120000,360000
417,"2026-06-10","Ақтөбе","Планшет",9,350000,3150000
418,"2026-02-11","Шымкент","Құлаққап",7,350000,2450000
419,"2026-05-07","Қызылорда","Телефон",5,350000,1750000
420,"2026-01-17","Шымкент","Планшет",4,350000,1400000
421,"2026-02-27","Шымкент","Телефон",8,120000,960000
422,"2026-03-22","Ақтөбе","Ноутбук",4,180000,720000
423,"2026-08-07","Ақтөбе","Құлаққап",10,180000,1800000
424,"2026-05-19","Қызылорда","Планшет",1,120000,120000
425,"2026-05-01","Астана","Ноутбук",5,350000,1750000
426,"2026-06-18","Шымкент","Планшет",6,120000,720000
427,"2026-09-12","Шымкент","Құлаққап",2,25000,50000
428,"2026-08-22","Ақтөбе","Планшет",4,120000,480000
429,"2026-04-11","Шымкент","Ноутбук",2,120000,240000
430,"2026-01-06","Ақтөбе","Құлаққап",4,180000,720000
431,"2026-04-03","Ақтөбе","Ноутбук",5,120000,6e+05
432,"2026-09-17","Қызылорда","Планшет",8,350000,2800000
433,"2026-01-20","Шымкент","Планшет",9,350000,3150000
434,"2026-04-08","Алматы","Құлаққап",1,180000,180000
435,"2026-04-13","Астана","Ноутбук",8,25000,2e+05
436,"2026-01-24","Алматы","Құлаққап",10,25000,250000
437,"2026-05-25","Астана","Телефон",8,120000,960000
438,"2026-07-28","Қызылорда","Құлаққап",6,350000,2100000
439,"2026-05-31","Ақтөбе","Планшет",5,120000,6e+05
440,"2026-02-22","Астана","Телефон",6,120000,720000
441,"2026-05-14","Алматы","Телефон",5,25000,125000
442,"2026-02-16","Астана","Ноутбук",4,180000,720000
443,"2026-04-27","Ақтөбе","Құлаққап",10,120000,1200000
444,"2026-02-14","Алматы","Ноутбук",10,350000,3500000
445,"2026-01-30","Қызылорда","Құлаққап",4,120000,480000
446,"2026-04-25","Шымкент","Планшет",6,25000,150000
447,"2026-08-26","Алматы","Телефон",4,180000,720000
448,"2026-06-29","Астана","Планшет",1,25000,25000
449,"2026-05-02","Қызылорда","Құлаққап",3,120000,360000
450,"2026-07-04","Алматы","Құлаққап",1,25000,25000
451,"2026-09-14","Астана","Ноутбук",8,25000,2e+05
452,"2026-01-26","Астана","Телефон",1,180000,180000
453,"2026-03-17","Қызылорда","Планшет",8,120000,960000
454,"2026-06-04","Астана","Құлаққап",9,350000,3150000
455,"2026-06-10","Астана","Ноутбук",8,350000,2800000
456,"2026-05-12","Астана","Телефон",2,25000,50000
457,"2026-02-28","Алматы","Ноутбук",2,120000,240000
458,"2026-03-08","Астана","Планшет",1,350000,350000
459,"2026-05-17","Ақтөбе","Планшет",4,120000,480000
460,"2026-04-02","Алматы","Ноутбук",9,180000,1620000
461,"2026-09-08","Астана","Телефон",7,180000,1260000
462,"2026-08-07","Алматы","Құлаққап",6,25000,150000
463,"2026-09-15","Қызылорда","Ноутбук",8,120000,960000
464,"2026-04-04","Ақтөбе","Ноутбук",8,25000,2e+05
465,"2026-07-04","Ақтөбе","Ноутбук",7,350000,2450000
466,"2026-08-10","Ақтөбе","Телефон",3,25000,75000
467,"2026-02-23","Астана","Телефон",1,350000,350000
468,"2026-05-19","Астана","Планшет",10,350000,3500000
469,"2026-01-16","Алматы","Планшет",7,180000,1260000
470,"2026-08-02","Шымкент","Құлаққап",5,25000,125000
471,"2026-07-21","Астана","Телефон",6,25000,150000
472,"2026-07-17","Қызылорда","Құлаққап",9,180000,1620000
473,"2026-03-17","Қызылорда","Планшет",9,25000,225000
474,"2026-05-18","Қызылорда","Ноутбук",1,25000,25000
475,"2026-09-26","Шымкент","Телефон",2,25000,50000
476,"2026-05-02","Ақтөбе","Планшет",2,25000,50000
477,"2026-05-13","Қызылорда","Телефон",9,120000,1080000
478,"2026-01-18","Астана","Планшет",3,180000,540000
479,"2026-01-30","Ақтөбе","Планшет",6,180000,1080000
480,"2026-07-05","Алматы","Ноутбук",2,25000,50000
481,"2026-04-15","Астана","Ноутбук",5,120000,6e+05
482,"2026-05-15","Астана","Ноутбук",10,120000,1200000
483,"2026-03-13","Қызылорда","Құлаққап",5,25000,125000
484,"2026-07-31","Астана","Құлаққап",3,350000,1050000
485,"2026-09-03","Шымкент","Планшет",7,180000,1260000
486,"2026-03-21","Астана","Планшет",3,180000,540000
487,"2026-03-04","Ақтөбе","Телефон",8,180000,1440000
488,"2026-04-05","Ақтөбе","Телефон",2,350000,7e+05
489,"2026-03-11","Ақтөбе","Телефон",1,120000,120000
490,"2026-05-29","Қызылорда","Ноутбук",1,25000,25000
491,"2026-03-23","Қызылорда","Телефон",4,350000,1400000
492,"2026-08-05","Шымкент","Құлаққап",7,25000,175000
493,"2026-01-19","Алматы","Планшет",9,350000,3150000
494,"2026-08-12","Шымкент","Телефон",2,25000,50000
495,"2026-02-25","Қызылорда","Құлаққап",10,120000,1200000
496,"2026-08-14","Ақтөбе","Планшет",2,25000,50000
497,"2026-07-13","Қызылорда","Планшет",7,350000,2450000
498,"2026-02-17","Ақтөбе","Құлаққап",2,350000,7e+05
499,"2026-09-09","Шымкент","Ноутбук",2,180000,360000
500,"2026-03-26","Астана","Планшет",3,120000,360000
501,"2026-09-22","Алматы","Телефон",9,120000,1080000
502,"2026-01-04","Ақтөбе","Құлаққап",9,350000,3150000
503,"2026-09-27","Алматы","Телефон",5,350000,1750000
504,"2026-07-09","Астана","Телефон",4,350000,1400000
505,"2026-01-15","Шымкент","Құлаққап",5,180000,9e+05
506,"2026-05-28","Алматы","Ноутбук",5,350000,1750000
507,"2026-04-11","Ақтөбе","Ноутбук",7,350000,2450000
508,"2026-06-13","Шымкент","Планшет",2,180000,360000
509,"2026-06-15","Шымкент","Ноутбук",4,180000,720000
510,"2026-07-06","Алматы","Құлаққап",1,350000,350000
511,"2026-07-25","Қызылорда","Құлаққап",3,180000,540000
512,"2026-05-09","Ақтөбе","Телефон",4,180000,720000
513,"2026-04-10","Шымкент","Құлаққап",7,350000,2450000
514,"2026-03-15","Ақтөбе","Ноутбук",2,350000,7e+05
515,"2026-02-05","Ақтөбе","Планшет",3,180000,540000
516,"2026-01-02","Астана","Ноутбук",4,180000,720000
517,"2026-06-04","Астана","Құлаққап",10,25000,250000
518,"2026-07-21","Қызылорда","Телефон",4,350000,1400000
519,"2026-05-13","Қызылорда","Планшет",6,350000,2100000
520,"2026-01-20","Астана","Планшет",5,180000,9e+05
521,"2026-05-03","Алматы","Телефон",5,350000,1750000
522,"2026-03-30","Ақтөбе","Планшет",6,180000,1080000
523,"2026-05-31","Ақтөбе","Планшет",1,350000,350000
524,"2026-08-30","Қызылорда","Планшет",1,180000,180000
525,"2026-02-21","Алматы","Планшет",1,180000,180000
526,"2026-06-25","Астана","Телефон",5,120000,6e+05
527,"2026-02-23","Астана","Планшет",7,350000,2450000
528,"2026-07-07","Ақтөбе","Планшет",2,120000,240000
529,"2026-04-13","Алматы","Телефон",1,120000,120000
530,"2026-08-16","Ақтөбе","Ноутбук",8,120000,960000
531,"2026-08-31","Ақтөбе","Ноутбук",6,25000,150000
532,"2026-09-24","Ақтөбе","Планшет",10,120000,1200000
533,"2026-05-05","Алматы","Телефон",10,25000,250000
534,"2026-03-19","Алматы","Құлаққап",2,120000,240000
535,"2026-01-26","Астана","Құлаққап",5,180000,9e+05
536,"2026-05-17","Ақтөбе","Телефон",7,25000,175000
537,"2026-08-05","Қызылорда","Телефон",7,180000,1260000
538,"2026-02-11","Астана","Планшет",8,180000,1440000
539,"2026-08-16","Алматы","Планшет",4,25000,1e+05
540,"2026-08-22","Қызылорда","Ноутбук",6,180000,1080000
541,"2026-07-17","Алматы","Ноутбук",6,180000,1080000
542,"2026-03-11","Шымкент","Планшет",2,25000,50000
543,"2026-06-20","Ақтөбе","Планшет",5,25000,125000
544,"2026-02-06","Шымкент","Планшет",10,120000,1200000
545,"2026-01-14","Алматы","Телефон",6,350000,2100000
546,"2026-04-18","Алматы","Телефон",4,25000,1e+05
547,"2026-05-08","Астана","Құлаққап",9,180000,1620000
548,"2026-09-06","Қызылорда","Құлаққап",5,25000,125000
549,"2026-04-16","Алматы","Құлаққап",4,25000,1e+05
550,"2026-01-13","Астана","Ноутбук",3,25000,75000
551,"2026-01-28","Шымкент","Ноутбук",6,350000,2100000
552,"2026-09-01","Шымкент","Планшет",10,120000,1200000
553,"2026-01-29","Ақтөбе","Ноутбук",1,180000,180000
554,"2026-03-31","Шымкент","Телефон",5,350000,1750000
555,"2026-01-15","Қызылорда","Құлаққап",1,25000,25000
556,"2026-04-21","Алматы","Телефон",2,25000,50000
557,"2026-06-23","Ақтөбе","Ноутбук",1,180000,180000
558,"2026-05-14","Ақтөбе","Телефон",1,350000,350000
559,"2026-04-30","Шымкент","Телефон",6,120000,720000
560,"2026-01-13","Қызылорда","Ноутбук",8,180000,1440000
561,"2026-04-27","Астана","Планшет",10,25000,250000
562,"2026-09-11","Алматы","Телефон",1,350000,350000
563,"2026-01-05","Ақтөбе","Құлаққап",7,350000,2450000
564,"2026-03-12","Қызылорда","Ноутбук",6,350000,2100000
565,"2026-09-24","Шымкент","Телефон",1,120000,120000
566,"2026-07-14","Шымкент","Ноутбук",5,25000,125000
567,"2026-07-20","Астана","Ноутбук",3,120000,360000
568,"2026-03-18","Алматы","Құлаққап",10,25000,250000
569,"2026-05-24","Шымкент","Құлаққап",6,120000,720000
570,"2026-04-29","Алматы","Телефон",3,25000,75000
571,"2026-07-23","Ақтөбе","Құлаққап",1,350000,350000
572,"2026-01-08","Шымкент","Ноутбук",2,180000,360000
573,"2026-04-02","Ақтөбе","Ноутбук",8,120000,960000
574,"2026-08-22","Алматы","Планшет",6,180000,1080000
575,"2026-05-22","Астана","Телефон",7,350000,2450000
576,"2026-07-21","Қызылорда","Ноутбук",8,350000,2800000
577,"2026-06-04","Астана","Планшет",6,25000,150000
578,"2026-02-20","Астана","Ноутбук",9,180000,1620000
579,"2026-07-12","Алматы","Құлаққап",10,120000,1200000
580,"2026-08-29","Ақтөбе","Телефон",8,25000,2e+05
581,"2026-07-15","Қызылорда","Ноутбук",1,120000,120000
582,"2026-05-17","Қызылорда","Ноутбук",7,180000,1260000
583,"2026-09-01","Ақтөбе","Құлаққап",5,120000,6e+05
584,"2026-04-17","Астана","Планшет",7,25000,175000
585,"2026-05-25","Алматы","Телефон",1,350000,350000
586,"2026-03-02","Астана","Құлаққап",7,180000,1260000
587,"2026-06-27","Ақтөбе","Планшет",6,25000,150000
588,"2026-01-30","Алматы","Ноутбук",4,180000,720000
589,"2026-03-21","Алматы","Телефон",10,350000,3500000
590,"2026-08-07","Астана","Ноутбук",5,350000,1750000
591,"2026-07-06","Шымкент","Планшет",5,25000,125000
592,"2026-01-10","Қызылорда","Планшет",3,180000,540000
593,"2026-07-05","Алматы","Құлаққап",3,25000,75000
594,"2026-04-15","Шымкент","Ноутбук",7,25000,175000
595,"2026-07-04","Алматы","Телефон",10,120000,1200000
596,"2026-01-07","Қызылорда","Ноутбук",6,120000,720000
597,"2026-04-01","Ақтөбе","Ноутбук",7,120000,840000
598,"2026-02-09","Шымкент","Ноутбук",9,180000,1620000
599,"2026-03-02","Астана","Ноутбук",5,25000,125000
600,"2026-09-21","Астана","Телефон",10,25000,250000
601,"2026-07-06","Қызылорда","Құлаққап",10,25000,250000
602,"2026-06-16","Ақтөбе","Планшет",5,25000,125000
603,"2026-03-07","Шымкент","Құлаққап",9,120000,1080000
604,"2026-02-05","Астана","Телефон",2,120000,240000
605,"2026-02-16","Алматы","Ноутбук",6,120000,720000
606,"2026-04-25","Шымкент","Телефон",6,350000,2100000
607,"2026-03-11","Қызылорда","Құлаққап",9,25000,225000
608,"2026-05-20","Алматы","Құлаққап",10,180000,1800000
609,"2026-03-28","Қызылорда","Ноутбук",10,180000,1800000
610,"2026-09-23","Шымкент","Планшет",6,120000,720000
611,"2026-01-14","Шымкент","Телефон",2,25000,50000
612,"2026-04-25","Астана","Планшет",3,120000,360000
613,"2026-09-20","Қызылорда","Планшет",7,120000,840000
614,"2026-03-09","Ақтөбе","Планшет",4,120000,480000
615,"2026-06-03","Алматы","Құлаққап",8,25000,2e+05
616,"2026-04-17","Қызылорда","Телефон",4,25000,1e+05
617,"2026-05-31","Алматы","Телефон",8,180000,1440000
618,"2026-09-13","Астана","Ноутбук",6,25000,150000
619,"2026-07-11","Ақтөбе","Құлаққап",4,350000,1400000
620,"2026-07-12","Ақтөбе","Ноутбук",2,120000,240000
621,"2026-02-14","Ақтөбе","Құлаққап",7,180000,1260000
622,"2026-03-24","Алматы","Телефон",9,350000,3150000
623,"2026-08-14","Қызылорда","Телефон",8,350000,2800000
624,"2026-03-09","Шымкент","Планшет",4,25000,1e+05
625,"2026-05-25","Қызылорда","Планшет",3,25000,75000
626,"2026-06-08","Астана","Планшет",10,180000,1800000
627,"2026-03-27","Алматы","Телефон",8,180000,1440000
628,"2026-04-23","Астана","Телефон",7,120000,840000
629,"2026-03-21","Қызылорда","Ноутбук",7,180000,1260000
630,"2026-08-16","Астана","Планшет",10,25000,250000
631,"2026-05-14","Астана","Ноутбук",5,25000,125000
632,"2026-08-19","Шымкент","Телефон",9,350000,3150000
633,"2026-09-09","Ақтөбе","Құлаққап",8,180000,1440000
634,"2026-06-01","Астана","Құлаққап",9,350000,3150000
635,"2026-07-31","Қызылорда","Құлаққап",8,25000,2e+05
636,"2026-07-02","Қызылорда","Ноутбук",4,180000,720000
637,"2026-03-01","Алматы","Құлаққап",2,25000,50000
638,"2026-01-28","Алматы","Ноутбук",1,120000,120000
639,"2026-08-23","Алматы","Құлаққап",10,180000,1800000
640,"2026-07-12","Астана","Планшет",10,180000,1800000
641,"2026-01-26","Алматы","Құлаққап",7,180000,1260000
642,"2026-06-27","Алматы","Телефон",7,25000,175000
643,"2026-03-10","Астана","Телефон",3,25000,75000
644,"2026-05-21","Ақтөбе","Планшет",5,25000,125000
645,"2026-04-30","Астана","Планшет",9,350000,3150000
646,"2026-06-18","Ақтөбе","Телефон",6,350000,2100000
647,"2026-03-05","Шымкент","Құлаққап",9,120000,1080000
648,"2026-07-20","Алматы","Құлаққап",1,25000,25000
649,"2026-01-25","Қызылорда","Ноутбук",4,120000,480000
650,"2026-02-02","Қызылорда","Ноутбук",6,25000,150000
651,"2026-06-07","Шымкент","Ноутбук",1,180000,180000
652,"2026-02-15","Алматы","Ноутбук",5,25000,125000
653,"2026-07-07","Алматы","Телефон",10,180000,1800000
654,"2026-09-10","Қызылорда","Телефон",2,120000,240000
655,"2026-08-22","Астана","Құлаққап",5,180000,9e+05
656,"2026-09-04","Шымкент","Ноутбук",9,120000,1080000
657,"2026-03-22","Ақтөбе","Телефон",3,350000,1050000
658,"2026-01-01","Алматы","Планшет",1,25000,25000
659,"2026-06-29","Алматы","Телефон",5,180000,9e+05
660,"2026-05-04","Ақтөбе","Планшет",9,350000,3150000
661,"2026-04-19","Қызылорда","Ноутбук",7,350000,2450000
662,"2026-03-10","Алматы","Құлаққап",2,350000,7e+05
663,"2026-02-15","Қызылорда","Планшет",9,25000,225000
664,"2026-08-12","Астана","Құлаққап",9,120000,1080000
665,"2026-09-07","Ақтөбе","Телефон",6,350000,2100000
666,"2026-06-24","Ақтөбе","Планшет",1,120000,120000
667,"2026-03-25","Астана","Құлаққап",10,350000,3500000
668,"2026-08-07","Ақтөбе","Ноутбук",3,350000,1050000
669,"2026-01-06","Шымкент","Планшет",8,180000,1440000
670,"2026-07-25","Алматы","Ноутбук",10,350000,3500000
671,"2026-05-01","Алматы","Құлаққап",7,180000,1260000
672,"2026-04-05","Шымкент","Телефон",5,180000,9e+05
673,"2026-03-11","Қызылорда","Телефон",3,25000,75000
674,"2026-05-19","Шымкент","Телефон",8,120000,960000
675,"2026-03-16","Алматы","Құлаққап",8,180000,1440000
676,"2026-01-07","Алматы","Планшет",3,180000,540000
677,"2026-04-04","Ақтөбе","Телефон",9,120000,1080000
678,"2026-06-13","Шымкент","Телефон",1,120000,120000
679,"2026-05-09","Астана","Телефон",9,120000,1080000
680,"2026-05-06","Шымкент","Планшет",8,120000,960000
681,"2026-02-22","Шымкент","Құлаққап",2,180000,360000
682,"2026-04-06","Алматы","Құлаққап",1,25000,25000
683,"2026-07-25","Алматы","Планшет",9,25000,225000
684,"2026-02-28","Қызылорда","Құлаққап",10,120000,1200000
685,"2026-08-19","Шымкент","Ноутбук",5,180000,9e+05
686,"2026-08-12","Қызылорда","Ноутбук",5,350000,1750000
687,"2026-03-12","Астана","Құлаққап",3,120000,360000
688,"2026-01-02","Шымкент","Планшет",9,25000,225000
689,"2026-01-11","Шымкент","Телефон",1,180000,180000
690,"2026-06-02","Алматы","Құлаққап",3,25000,75000
691,"2026-03-22","Шымкент","Құлаққап",4,120000,480000
692,"2026-05-11","Қызылорда","Ноутбук",2,120000,240000
693,"2026-01-21","Ақтөбе","Планшет",2,350000,7e+05
694,"2026-01-12","Астана","Ноутбук",9,180000,1620000
695,"2026-09-22","Қызылорда","Планшет",10,350000,3500000
696,"2026-09-05","Шымкент","Планшет",5,120000,6e+05
697,"2026-03-28","Алматы","Құлаққап",1,350000,350000
698,"2026-01-02","Ақтөбе","Ноутбук",2,25000,50000
699,"2026-08-19","Ақтөбе","Ноутбук",2,180000,360000
700,"2026-06-15","Қызылорда","Планшет",9,25000,225000
701,"2026-08-05","Алматы","Ноутбук",7,120000,840000
702,"2026-09-12","Алматы","Құлаққап",2,25000,50000
703,"2026-08-22","Қызылорда","Ноутбук",10,25000,250000
704,"2026-05-10","Ақтөбе","Құлаққап",6,120000,720000
705,"2026-03-20","Қызылорда","Ноутбук",8,120000,960000
706,"2026-09-26","Астана","Құлаққап",10,120000,1200000
707,"2026-02-02","Ақтөбе","Телефон",5,180000,9e+05
708,"2026-05-10","Қызылорда","Планшет",7,180000,1260000
709,"2026-06-04","Қызылорда","Құлаққап",8,25000,2e+05
710,"2026-09-11","Ақтөбе","Құлаққап",4,25000,1e+05
711,"2026-03-26","Ақтөбе","Телефон",1,350000,350000
712,"2026-06-24","Қызылорда","Планшет",8,350000,2800000
713,"2026-08-24","Астана","Ноутбук",9,350000,3150000
714,"2026-08-20","Шымкент","Құлаққап",5,350000,1750000
715,"2026-06-17","Қызылорда","Планшет",4,25000,1e+05
716,"2026-03-14","Астана","Телефон",7,120000,840000
717,"2026-06-01","Астана","Телефон",3,120000,360000
718,"2026-04-11","Қызылорда","Құлаққап",3,350000,1050000
719,"2026-01-31","Шымкент","Телефон",4,180000,720000
720,"2026-04-28","Астана","Планшет",3,120000,360000
721,"2026-09-06","Ақтөбе","Планшет",9,180000,1620000
722,"2026-01-16","Ақтөбе","Планшет",2,350000,7e+05
723,"2026-01-31","Шымкент","Құлаққап",8,350000,2800000
724,"2026-04-17","Қызылорда","Телефон",7,120000,840000
725,"2026-07-12","Астана","Телефон",7,25000,175000
726,"2026-08-01","Ақтөбе","Ноутбук",6,120000,720000
727,"2026-06-13","Ақтөбе","Құлаққап",5,25000,125000
728,"2026-05-12","Астана","Планшет",6,25000,150000
729,"2026-07-07","Алматы","Құлаққап",6,180000,1080000
730,"2026-02-08","Алматы","Планшет",1,25000,25000
731,"2026-09-05","Қызылорда","Телефон",6,180000,1080000
732,"2026-03-09","Алматы","Планшет",9,25000,225000
733,"2026-09-14","Астана","Құлаққап",8,350000,2800000
734,"2026-07-16","Алматы","Ноутбук",6,180000,1080000
735,"2026-02-02","Алматы","Телефон",10,25000,250000
736,"2026-06-13","Алматы","Құлаққап",4,120000,480000
737,"2026-08-08","Шымкент","Ноутбук",7,25000,175000
738,"2026-08-26","Шымкент","Ноутбук",2,350000,7e+05
739,"2026-06-05","Алматы","Планшет",3,350000,1050000
740,"2026-01-09","Шымкент","Телефон",7,350000,2450000
741,"2026-09-11","Ақтөбе","Телефон",7,180000,1260000
742,"2026-05-22","Қызылорда","Телефон",4,180000,720000
743,"2026-01-20","Ақтөбе","Құлаққап",2,25000,50000
744,"2026-05-16","Астана","Құлаққап",7,25000,175000
745,"2026-03-11","Шымкент","Құлаққап",8,25000,2e+05
746,"2026-05-15","Алматы","Құлаққап",1,25000,25000
747,"2026-08-20","Алматы","Ноутбук",9,25000,225000
748,"2026-01-01","Ақтөбе","Құлаққап",6,25000,150000
749,"2026-01-08","Астана","Ноутбук",6,25000,150000
750,"2026-01-16","Алматы","Ноутбук",5,180000,9e+05
751,"2026-06-29","Алматы","Құлаққап",10,350000,3500000
752,"2026-08-17","Шымкент","Құлаққап",6,350000,2100000
753,"2026-07-13","Алматы","Планшет",5,350000,1750000
754,"2026-01-15","Ақтөбе","Құлаққап",1,180000,180000
755,"2026-01-29","Астана","Планшет",9,180000,1620000
756,"2026-01-03","Қызылорда","Планшет",3,25000,75000
757,"2026-04-25","Ақтөбе","Құлаққап",6,350000,2100000
758,"2026-01-06","Алматы","Планшет",3,25000,75000
759,"2026-06-27","Ақтөбе","Телефон",6,350000,2100000
760,"2026-09-15","Ақтөбе","Телефон",9,350000,3150000
761,"2026-08-10","Қызылорда","Телефон",10,120000,1200000
762,"2026-02-01","Астана","Телефон",8,350000,2800000
763,"2026-01-04","Қызылорда","Планшет",2,180000,360000
764,"2026-04-22","Шымкент","Ноутбук",3,350000,1050000
765,"2026-02-10","Ақтөбе","Телефон",5,180000,9e+05
766,"2026-03-28","Қызылорда","Ноутбук",10,350000,3500000
767,"2026-03-26","Алматы","Телефон",4,180000,720000
768,"2026-08-16","Шымкент","Құлаққап",2,120000,240000
769,"2026-09-14","Алматы","Планшет",9,350000,3150000
770,"2026-08-21","Қызылорда","Телефон",9,25000,225000
771,"2026-05-25","Ақтөбе","Құлаққап",9,180000,1620000
772,"2026-05-07","Ақтөбе","Құлаққап",2,120000,240000
773,"2026-08-10","Шымкент","Телефон",4,350000,1400000
774,"2026-05-03","Астана","Құлаққап",3,120000,360000
775,"2026-04-22","Шымкент","Телефон",1,120000,120000
776,"2026-04-01","Алматы","Құлаққап",9,120000,1080000
777,"2026-05-12","Астана","Құлаққап",9,120000,1080000
778,"2026-04-14","Ақтөбе","Телефон",4,120000,480000
779,"2026-05-15","Қызылорда","Телефон",5,25000,125000
780,"2026-02-07","Астана","Телефон",9,180000,1620000
781,"2026-04-18","Қызылорда","Құлаққап",3,180000,540000
782,"2026-09-23","Астана","Телефон",1,350000,350000
783,"2026-07-14","Қызылорда","Планшет",1,350000,350000
784,"2026-06-12","Ақтөбе","Планшет",7,25000,175000
785,"2026-01-26","Астана","Құлаққап",3,350000,1050000
786,"2026-03-06","Шымкент","Құлаққап",2,350000,7e+05
787,"2026-05-11","Алматы","Құлаққап",8,25000,2e+05
788,"2026-07-11","Ақтөбе","Телефон",6,350000,2100000
789,"2026-03-16","Ақтөбе","Планшет",9,350000,3150000
790,"2026-08-22","Ақтөбе","Құлаққап",7,180000,1260000
791,"2026-07-14","Ақтөбе","Құлаққап",9,180000,1620000
792,"2026-03-18","Ақтөбе","Ноутбук",8,120000,960000
793,"2026-06-28","Алматы","Планшет",2,180000,360000
794,"2026-01-21","Ақтөбе","Планшет",7,350000,2450000
795,"2026-04-30","Шымкент","Ноутбук",4,180000,720000
796,"2026-07-12","Ақтөбе","Ноутбук",6,350000,2100000
797,"2026-09-19","Ақтөбе","Планшет",5,180000,9e+05
798,"2026-08-14","Алматы","Телефон",5,120000,6e+05
799,"2026-04-12","Шымкент","Планшет",3,350000,1050000
800,"2026-03-20","Шымкент","Планшет",7,25000,175000
801,"2026-05-23","Алматы","Ноутбук",4,25000,1e+05
802,"2026-04-10","Ақтөбе","Ноутбук",7,350000,2450000
803,"2026-08-30","Қызылорда","Планшет",7,120000,840000
804,"2026-06-28","Астана","Телефон",3,25000,75000
805,"2026-09-06","Ақтөбе","Телефон",3,25000,75000
806,"2026-02-10","Шымкент","Планшет",2,25000,50000
807,"2026-09-20","Астана","Ноутбук",3,120000,360000
808,"2026-04-29","Шымкент","Құлаққап",3,350000,1050000
809,"2026-05-03","Алматы","Ноутбук",10,350000,3500000
810,"2026-09-15","Ақтөбе","Планшет",2,180000,360000
811,"2026-08-04","Қызылорда","Планшет",7,25000,175000
812,"2026-05-09","Алматы","Телефон",9,120000,1080000
813,"2026-07-13","Алматы","Планшет",8,120000,960000
814,"2026-09-06","Шымкент","Планшет",1,180000,180000
815,"2026-07-15","Қызылорда","Планшет",1,180000,180000
816,"2026-02-25","Алматы","Құлаққап",1,120000,120000
817,"2026-04-25","Алматы","Құлаққап",9,180000,1620000
818,"2026-05-04","Шымкент","Планшет",5,25000,125000
819,"2026-08-26","Қызылорда","Планшет",3,25000,75000
820,"2026-06-24","Шымкент","Құлаққап",4,25000,1e+05
821,"2026-09-13","Алматы","Ноутбук",10,350000,3500000
822,"2026-04-01","Алматы","Ноутбук",3,120000,360000
823,"2026-03-03","Ақтөбе","Планшет",5,120000,6e+05
824,"2026-05-19","Ақтөбе","Ноутбук",1,180000,180000
825,"2026-07-01","Астана","Телефон",9,350000,3150000
826,"2026-07-06","Шымкент","Ноутбук",8,180000,1440000
827,"2026-05-26","Ақтөбе","Планшет",1,25000,25000
828,"2026-05-25","Шымкент","Ноутбук",5,120000,6e+05
829,"2026-03-11","Алматы","Құлаққап",2,180000,360000
830,"2026-09-08","Қызылорда","Планшет",3,120000,360000
831,"2026-08-16","Ақтөбе","Ноутбук",2,180000,360000
832,"2026-09-05","Қызылорда","Планшет",2,180000,360000
833,"2026-07-16","Алматы","Ноутбук",1,120000,120000
834,"2026-09-25","Қызылорда","Құлаққап",10,25000,250000
835,"2026-01-02","Ақтөбе","Ноутбук",6,25000,150000
836,"2026-06-28","Ақтөбе","Ноутбук",1,350000,350000
837,"2026-07-05","Алматы","Құлаққап",2,25000,50000
838,"2026-02-23","Астана","Планшет",2,180000,360000
839,"2026-06-17","Астана","Планшет",9,180000,1620000
840,"2026-09-03","Астана","Планшет",4,120000,480000
841,"2026-04-30","Қызылорда","Планшет",9,180000,1620000
842,"2026-07-05","Шымкент","Құлаққап",3,350000,1050000
843,"2026-01-18","Астана","Құлаққап",2,25000,50000
844,"2026-01-02","Алматы","Құлаққап",8,180000,1440000
845,"2026-04-21","Қызылорда","Ноутбук",5,120000,6e+05
846,"2026-06-08","Қызылорда","Ноутбук",4,180000,720000
847,"2026-05-26","Шымкент","Ноутбук",7,25000,175000
848,"2026-01-17","Қызылорда","Ноутбук",9,350000,3150000
849,"2026-04-01","Ақтөбе","Планшет",9,350000,3150000
850,"2026-06-21","Шымкент","Ноутбук",9,25000,225000
851,"2026-09-12","Ақтөбе","Құлаққап",10,120000,1200000
852,"2026-04-18","Астана","Ноутбук",3,180000,540000
853,"2026-08-03","Шымкент","Құлаққап",6,180000,1080000
854,"2026-02-14","Қызылорда","Құлаққап",9,25000,225000
855,"2026-06-03","Қызылорда","Планшет",4,180000,720000
856,"2026-09-16","Алматы","Телефон",4,120000,480000
857,"2026-03-19","Алматы","Ноутбук",3,350000,1050000
858,"2026-06-05","Ақтөбе","Телефон",7,25000,175000
859,"2026-02-10","Қызылорда","Телефон",4,350000,1400000
860,"2026-07-14","Алматы","Ноутбук",1,25000,25000
861,"2026-06-27","Ақтөбе","Құлаққап",1,25000,25000
862,"2026-02-05","Қызылорда","Құлаққап",5,25000,125000
863,"2026-05-19","Шымкент","Ноутбук",1,25000,25000
864,"2026-03-08","Ақтөбе","Ноутбук",5,120000,6e+05
865,"2026-03-19","Алматы","Ноутбук",4,350000,1400000
866,"2026-04-09","Астана","Телефон",7,180000,1260000
867,"2026-01-24","Қызылорда","Планшет",6,350000,2100000
868,"2026-01-01","Қызылорда","Планшет",6,120000,720000
869,"2026-08-21","Ақтөбе","Құлаққап",4,120000,480000
870,"2026-03-26","Шымкент","Ноутбук",7,180000,1260000
871,"2026-06-12","Ақтөбе","Құлаққап",10,25000,250000
872,"2026-06-20","Астана","Планшет",10,25000,250000
873,"2026-08-04","Қызылорда","Планшет",10,25000,250000
874,"2026-05-17","Қызылорда","Құлаққап",3,120000,360000
875,"2026-04-02","Алматы","Планшет",9,25000,225000
876,"2026-08-01","Астана","Ноутбук",2,120000,240000
877,"2026-08-18","Шымкент","Планшет",6,180000,1080000
878,"2026-02-27","Алматы","Телефон",9,25000,225000
879,"2026-01-16","Шымкент","Құлаққап",6,25000,150000
880,"2026-02-07","Шымкент","Құлаққап",3,180000,540000
881,"2026-02-09","Шымкент","Планшет",4,180000,720000
882,"2026-07-03","Шымкент","Планшет",8,25000,2e+05
883,"2026-09-19","Ақтөбе","Ноутбук",10,120000,1200000
884,"2026-06-13","Астана","Планшет",9,180000,1620000
885,"2026-06-28","Алматы","Ноутбук",4,120000,480000
886,"2026-05-20","Астана","Планшет",3,180000,540000
887,"2026-03-28","Астана","Құлаққап",5,120000,6e+05
888,"2026-02-10","Астана","Планшет",2,120000,240000
889,"2026-05-29","Алматы","Планшет",5,350000,1750000
890,"2026-03-30","Ақтөбе","Құлаққап",4,25000,1e+05
891,"2026-07-04","Қызылорда","Құлаққап",10,120000,1200000
892,"2026-01-19","Қызылорда","Ноутбук",3,180000,540000
893,"2026-07-31","Ақтөбе","Құлаққап",4,25000,1e+05
894,"2026-06-30","Астана","Құлаққап",2,180000,360000
895,"2026-04-21","Шымкент","Планшет",10,25000,250000
896,"2026-04-23","Алматы","Ноутбук",7,180000,1260000
897,"2026-08-03","Қызылорда","Ноутбук",6,120000,720000
898,"2026-01-12","Астана","Құлаққап",5,25000,125000
899,"2026-07-23","Шымкент","Құлаққап",6,25000,150000
900,"2026-09-20","Ақтөбе","Ноутбук",1,120000,120000
901,"2026-05-14","Ақтөбе","Ноутбук",6,180000,1080000
902,"2026-03-15","Қызылорда","Құлаққап",5,180000,9e+05
903,"2026-08-13","Қызылорда","Планшет",8,350000,2800000
904,"2026-09-14","Қызылорда","Телефон",4,25000,1e+05
905,"2026-06-03","Қызылорда","Құлаққап",3,25000,75000
906,"2026-01-05","Ақтөбе","Телефон",3,180000,540000
907,"2026-04-24","Астана","Планшет",1,350000,350000
908,"2026-05-25","Шымкент","Құлаққап",5,120000,6e+05
909,"2026-07-05","Астана","Телефон",5,120000,6e+05
910,"2026-02-07","Қызылорда","Планшет",3,120000,360000
911,"2026-03-15","Астана","Құлаққап",5,120000,6e+05
912,"2026-07-19","Алматы","Құлаққап",9,25000,225000
913,"2026-07-01","Ақтөбе","Құлаққап",2,180000,360000
914,"2026-04-30","Астана","Телефон",1,180000,180000
915,"2026-06-17","Шымкент","Телефон",1,120000,120000
916,"2026-05-04","Алматы","Ноутбук",5,180000,9e+05
917,"2026-05-18","Шымкент","Телефон",4,120000,480000
918,"2026-04-19","Шымкент","Құлаққап",1,25000,25000
919,"2026-08-30","Қызылорда","Телефон",1,25000,25000
920,"2026-05-15","Алматы","Құлаққап",9,120000,1080000
921,"2026-03-12","Шымкент","Құлаққап",4,120000,480000
922,"2026-01-05","Қызылорда","Ноутбук",8,180000,1440000
923,"2026-01-09","Алматы","Планшет",7,180000,1260000
924,"2026-08-02","Ақтөбе","Ноутбук",8,120000,960000
925,"2026-06-13","Астана","Ноутбук",10,25000,250000
926,"2026-01-02","Қызылорда","Планшет",1,350000,350000
927,"2026-02-11","Астана","Құлаққап",9,180000,1620000
928,"2026-04-09","Астана","Құлаққап",1,180000,180000
929,"2026-04-17","Алматы","Ноутбук",6,350000,2100000
930,"2026-04-13","Ақтөбе","Құлаққап",6,350000,2100000
931,"2026-05-21","Астана","Телефон",8,25000,2e+05
932,"2026-04-22","Алматы","Ноутбук",9,350000,3150000
933,"2026-05-22","Қызылорда","Ноутбук",5,350000,1750000
934,"2026-02-11","Алматы","Телефон",1,180000,180000
935,"2026-08-25","Шымкент","Құлаққап",5,350000,1750000
936,"2026-08-04","Шымкент","Планшет",8,350000,2800000
937,"2026-03-02","Астана","Телефон",3,350000,1050000
938,"2026-05-22","Шымкент","Құлаққап",3,350000,1050000
939,"2026-07-12","Алматы","Ноутбук",8,120000,960000
940,"2026-06-09","Шымкент","Планшет",9,120000,1080000
941,"2026-07-08","Шымкент","Планшет",5,350000,1750000
942,"2026-04-17","Астана","Планшет",8,25000,2e+05
943,"2026-06-23","Астана","Құлаққап",7,25000,175000
944,"2026-01-03","Алматы","Планшет",10,120000,1200000
945,"2026-04-27","Қызылорда","Планшет",6,120000,720000
946,"2026-08-28","Астана","Құлаққап",9,180000,1620000
947,"2026-07-03","Алматы","Құлаққап",4,25000,1e+05
948,"2026-04-23","Шымкент","Планшет",6,350000,2100000
949,"2026-07-25","Алматы","Телефон",3,120000,360000
950,"2026-09-22","Шымкент","Телефон",10,180000,1800000
951,"2026-07-19","Ақтөбе","Ноутбук",5,350000,1750000
952,"2026-07-27","Қызылорда","Құлаққап",5,180000,9e+05
953,"2026-07-27","Шымкент","Планшет",8,180000,1440000
954,"2026-05-23","Астана","Телефон",7,120000,840000
955,"2026-02-05","Шымкент","Телефон",6,350000,2100000
956,"2026-09-24","Алматы","Планшет",8,180000,1440000
957,"2026-02-11","Ақтөбе","Планшет",10,25000,250000
958,"2026-07-24","Қызылорда","Құлаққап",7,120000,840000
959,"2026-06-21","Алматы","Құлаққап",9,350000,3150000
960,"2026-02-15","Ақтөбе","Құлаққап",5,25000,125000
961,"2026-05-22","Қызылорда","Телефон",4,120000,480000
962,"2026-04-03","Қызылорда","Ноутбук",1,120000,120000
963,"2026-08-21","Ақтөбе","Телефон",1,25000,25000
964,"2026-02-03","Алматы","Телефон",7,180000,1260000
965,"2026-08-12","Ақтөбе","Ноутбук",7,350000,2450000
966,"2026-06-04","Шымкент","Планшет",9,180000,1620000
967,"2026-07-15","Астана","Планшет",5,120000,6e+05
968,"2026-03-17","Алматы","Құлаққап",6,25000,150000
969,"2026-09-27","Алматы","Құлаққап",8,25000,2e+05
970,"2026-05-31","Алматы","Телефон",1,120000,120000
971,"2026-05-27","Алматы","Планшет",10,25000,250000
972,"2026-05-17","Шымкент","Телефон",9,25000,225000
973,"2026-01-27","Астана","Ноутбук",1,180000,180000
974,"2026-08-20","Ақтөбе","Телефон",10,25000,250000
975,"2026-05-30","Астана","Ноутбук",5,120000,6e+05
976,"2026-06-06","Ақтөбе","Телефон",3,25000,75000
977,"2026-07-08","Алматы","Телефон",6,350000,2100000
978,"2026-02-13","Шымкент","Планшет",2,180000,360000
979,"2026-01-01","Алматы","Планшет",6,120000,720000
980,"2026-06-01","Қызылорда","Ноутбук",8,350000,2800000
981,"2026-03-31","Астана","Планшет",9,350000,3150000
982,"2026-01-04","Ақтөбе","Құлаққап",3,180000,540000
983,"2026-08-02","Қызылорда","Ноутбук",7,120000,840000
984,"2026-08-04","Қызылорда","Ноутбук",7,180000,1260000
985,"2026-08-15","Қызылорда","Құлаққап",10,25000,250000
986,"2026-04-22","Қызылорда","Планшет",9,25000,225000
987,"2026-06-04","Қызылорда","Ноутбук",9,350000,3150000
988,"2026-03-05","Шымкент","Ноутбук",1,180000,180000
989,"2026-03-11","Ақтөбе","Телефон",8,120000,960000
990,"2026-04-28","Алматы","Телефон",10,120000,1200000
991,"2026-05-10","Шымкент","Телефон",10,120000,1200000
992,"2026-04-24","Алматы","Құлаққап",5,180000,9e+05
993,"2026-05-24","Ақтөбе","Ноутбук",9,25000,225000
994,"2026-04-08","Астана","Құлаққап",2,25000,50000
995,"2026-08-20","Қызылорда","Ноутбук",7,120000,840000
996,"2026-04-28","Шымкент","Құлаққап",4,180000,720000
997,"2026-05-09","Алматы","Ноутбук",7,120000,840000
998,"2026-01-16","Қызылорда","Планшет",1,350000,350000
999,"2026-03-08","Астана","Телефон",10,25000,250000
1000,"2026-08-07","Шымкент","Құлаққап",10,25000,250000
1001,"2026-03-02","Алматы","Планшет",9,25000,225000
1002,"2026-07-05","Алматы","Планшет",6,25000,150000
1003,"2026-03-18","Қызылорда","Планшет",3,120000,360000
1004,"2026-06-27","Астана","Ноутбук",2,180000,360000
1005,"2026-04-12","Ақтөбе","Телефон",7,120000,840000
1006,"2026-01-27","Қызылорда","Ноутбук",4,180000,720000
1007,"2026-02-19","Астана","Телефон",2,350000,7e+05
1008,"2026-07-01","Шымкент","Телефон",9,120000,1080000
1009,"2026-07-13","Қызылорда","Телефон",3,180000,540000
1010,"2026-04-18","Астана","Ноутбук",2,180000,360000
1011,"2026-01-24","Алматы","Ноутбук",1,120000,120000
1012,"2026-05-06","Алматы","Құлаққап",9,350000,3150000
1013,"2026-03-12","Ақтөбе","Телефон",4,120000,480000
1014,"2026-02-05","Ақтөбе","Ноутбук",7,180000,1260000
1015,"2026-01-27","Қызылорда","Телефон",3,120000,360000
1016,"2026-01-24","Ақтөбе","Планшет",6,25000,150000
1017,"2026-01-24","Қызылорда","Телефон",5,120000,6e+05
1018,"2026-09-25","Астана","Құлаққап",5,120000,6e+05
1019,"2026-02-15","Қызылорда","Телефон",3,25000,75000
1020,"2026-03-21","Қызылорда","Ноутбук",10,25000,250000
1021,"2026-02-24","Қызылорда","Планшет",1,180000,180000
1022,"2026-03-14","Алматы","Планшет",8,180000,1440000
1023,"2026-01-19","Алматы","Телефон",1,25000,25000
1024,"2026-05-03","Алматы","Телефон",4,25000,1e+05
1025,"2026-05-08","Қызылорда","Планшет",4,25000,1e+05
1026,"2026-01-17","Ақтөбе","Телефон",10,180000,1800000
1027,"2026-08-30","Алматы","Планшет",9,120000,1080000
1028,"2026-04-17","Ақтөбе","Планшет",2,120000,240000
1029,"2026-06-12","Шымкент","Құлаққап",6,180000,1080000
1030,"2026-04-21","Ақтөбе","Телефон",5,350000,1750000
1031,"2026-01-14","Шымкент","Құлаққап",9,25000,225000
1032,"2026-09-06","Қызылорда","Планшет",7,350000,2450000
1033,"2026-06-01","Астана","Құлаққап",10,180000,1800000
1034,"2026-07-22","Астана","Телефон",3,350000,1050000
1035,"2026-03-25","Астана","Құлаққап",9,120000,1080000
1036,"2026-01-16","Алматы","Құлаққап",10,180000,1800000
1037,"2026-05-13","Астана","Құлаққап",2,180000,360000
1038,"2026-05-23","Алматы","Планшет",10,120000,1200000
1039,"2026-09-24","Қызылорда","Телефон",5,120000,6e+05
1040,"2026-05-02","Қызылорда","Телефон",6,120000,720000
1041,"2026-01-22","Алматы","Планшет",2,120000,240000
1042,"2026-08-20","Қызылорда","Ноутбук",6,25000,150000
1043,"2026-03-17","Шымкент","Құлаққап",5,25000,125000
1044,"2026-03-10","Алматы","Телефон",2,180000,360000
1045,"2026-04-10","Қызылорда","Құлаққап",4,25000,1e+05
1046,"2026-03-05","Шымкент","Телефон",3,120000,360000
1047,"2026-03-18","Шымкент","Планшет",1,180000,180000
1048,"2026-04-13","Алматы","Телефон",5,350000,1750000
1049,"2026-02-11","Қызылорда","Ноутбук",10,350000,3500000
1050,"2026-01-30","Қызылорда","Құлаққап",3,180000,540000
1051,"2026-02-14","Қызылорда","Ноутбук",4,180000,720000
1052,"2026-03-17","Ақтөбе","Құлаққап",9,350000,3150000
1053,"2026-06-15","Алматы","Телефон",8,25000,2e+05
1054,"2026-02-15","Алматы","Планшет",9,350000,3150000
1055,"2026-03-15","Алматы","Планшет",8,25000,2e+05
1056,"2026-07-27","Шымкент","Құлаққап",4,350000,1400000
1057,"2026-05-19","Шымкент","Планшет",4,180000,720000
1058,"2026-05-31","Алматы","Құлаққап",2,25000,50000
1059,"2026-03-24","Ақтөбе","Телефон",2,25000,50000
1060,"2026-06-19","Алматы","Ноутбук",7,180000,1260000
1061,"2026-01-02","Қызылорда","Планшет",2,350000,7e+05
1062,"2026-09-13","Алматы","Телефон",6,350000,2100000
1063,"2026-08-06","Ақтөбе","Құлаққап",8,25000,2e+05
1064,"2026-06-02","Ақтөбе","Телефон",1,25000,25000
1065,"2026-08-22","Астана","Құлаққап",2,180000,360000
1066,"2026-01-04","Алматы","Құлаққап",1,350000,350000
1067,"2026-06-08","Ақтөбе","Телефон",9,180000,1620000
1068,"2026-01-03","Астана","Планшет",7,25000,175000
1069,"2026-03-27","Ақтөбе","Планшет",4,25000,1e+05
1070,"2026-08-22","Ақтөбе","Телефон",1,350000,350000
1071,"2026-03-15","Шымкент","Телефон",6,25000,150000
1072,"2026-03-05","Астана","Телефон",5,120000,6e+05
1073,"2026-01-09","Қызылорда","Ноутбук",3,120000,360000
1074,"2026-09-21","Шымкент","Құлаққап",3,350000,1050000
1075,"2026-04-08","Шымкент","Телефон",4,350000,1400000
1076,"2026-06-24","Астана","Ноутбук",3,25000,75000
1077,"2026-06-26","Алматы","Телефон",9,180000,1620000
1078,"2026-05-30","Шымкент","Телефон",3,25000,75000
1079,"2026-04-21","Алматы","Ноутбук",1,350000,350000
1080,"2026-08-09","Алматы","Телефон",1,180000,180000
1081,"2026-09-09","Қызылорда","Ноутбук",10,350000,3500000
1082,"2026-06-07","Алматы","Планшет",7,120000,840000
1083,"2026-02-10","Ақтөбе","Құлаққап",9,25000,225000
1084,"2026-07-17","Астана","Планшет",3,350000,1050000
1085,"2026-04-26","Астана","Телефон",6,25000,150000
1086,"2026-07-04","Шымкент","Құлаққап",5,25000,125000
1087,"2026-02-10","Қызылорда","Телефон",10,180000,1800000
1088,"2026-01-18","Қызылорда","Құлаққап",10,180000,1800000
1089,"2026-04-09","Ақтөбе","Телефон",8,120000,960000
1090,"2026-08-18","Шымкент","Құлаққап",1,120000,120000
1091,"2026-01-04","Қызылорда","Құлаққап",8,180000,1440000
1092,"2026-02-07","Алматы","Құлаққап",9,350000,3150000
1093,"2026-06-15","Қызылорда","Планшет",3,25000,75000
1094,"2026-06-14","Астана","Құлаққап",6,180000,1080000
1095,"2026-01-31","Астана","Құлаққап",3,25000,75000
1096,"2026-04-10","Алматы","Ноутбук",5,180000,9e+05
1097,"2026-03-10","Астана","Құлаққап",2,120000,240000
1098,"2026-02-02","Шымкент","Планшет",6,180000,1080000
1099,"2026-07-10","Қызылорда","Телефон",4,180000,720000
1100,"2026-02-03","Ақтөбе","Құлаққап",9,180000,1620000
1101,"2026-08-29","Қызылорда","Ноутбук",3,350000,1050000
1102,"2026-01-19","Алматы","Планшет",8,25000,2e+05
1103,"2026-01-10","Шымкент","Планшет",3,25000,75000
1104,"2026-07-28","Шымкент","Құлаққап",9,350000,3150000
1105,"2026-02-03","Астана","Планшет",10,120000,1200000
1106,"2026-05-04","Ақтөбе","Құлаққап",10,180000,1800000
1107,"2026-09-15","Қызылорда","Планшет",7,25000,175000
1108,"2026-05-15","Шымкент","Құлаққап",3,25000,75000
1109,"2026-08-31","Шымкент","Телефон",9,180000,1620000
1110,"2026-05-22","Ақтөбе","Құлаққап",4,25000,1e+05
1111,"2026-04-05","Астана","Планшет",2,25000,50000
1112,"2026-01-22","Шымкент","Планшет",3,120000,360000
1113,"2026-01-08","Қызылорда","Ноутбук",1,180000,180000
1114,"2026-04-04","Қызылорда","Планшет",9,120000,1080000
1115,"2026-05-23","Алматы","Телефон",2,120000,240000
1116,"2026-08-02","Астана","Планшет",1,120000,120000
1117,"2026-03-17","Ақтөбе","Құлаққап",4,180000,720000
1118,"2026-05-10","Қызылорда","Планшет",5,25000,125000
1119,"2026-06-03","Алматы","Планшет",7,350000,2450000
1120,"2026-07-08","Ақтөбе","Планшет",1,25000,25000
1121,"2026-02-09","Ақтөбе","Құлаққап",8,25000,2e+05
1122,"2026-05-01","Ақтөбе","Планшет",6,350000,2100000
1123,"2026-03-08","Шымкент","Ноутбук",7,25000,175000
1124,"2026-04-12","Алматы","Планшет",3,25000,75000
1125,"2026-01-05","Астана","Телефон",5,120000,6e+05
1126,"2026-07-23","Алматы","Құлаққап",5,25000,125000
1127,"2026-01-23","Шымкент","Құлаққап",3,120000,360000
1128,"2026-03-03","Қызылорда","Ноутбук",6,120000,720000
1129,"2026-08-24","Астана","Құлаққап",7,180000,1260000
1130,"2026-05-04","Алматы","Ноутбук",5,25000,125000
1131,"2026-01-20","Шымкент","Құлаққап",4,350000,1400000
1132,"2026-03-19","Ақтөбе","Планшет",6,350000,2100000
1133,"2026-06-29","Ақтөбе","Ноутбук",10,120000,1200000
1134,"2026-02-13","Ақтөбе","Планшет",6,350000,2100000
1135,"2026-05-13","Қызылорда","Құлаққап",4,350000,1400000
1136,"2026-06-30","Ақтөбе","Құлаққап",5,180000,9e+05
1137,"2026-07-03","Ақтөбе","Құлаққап",2,120000,240000
1138,"2026-02-19","Алматы","Құлаққап",2,180000,360000
1139,"2026-02-14","Қызылорда","Планшет",4,120000,480000
1140,"2026-03-02","Алматы","Телефон",10,25000,250000
1141,"2026-03-05","Ақтөбе","Құлаққап",2,350000,7e+05
1142,"2026-03-21","Астана","Ноутбук",10,180000,1800000
1143,"2026-02-21","Шымкент","Құлаққап",10,25000,250000
1144,"2026-07-20","Ақтөбе","Құлаққап",7,180000,1260000
1145,"2026-05-25","Астана","Құлаққап",8,180000,1440000
1146,"2026-05-12","Ақтөбе","Ноутбук",2,25000,50000
1147,"2026-05-18","Шымкент","Планшет",9,120000,1080000
1148,"2026-07-11","Қызылорда","Ноутбук",4,180000,720000
1149,"2026-07-10","Астана","Телефон",8,180000,1440000
1150,"2026-04-08","Ақтөбе","Құлаққап",3,180000,540000
1151,"2026-06-30","Алматы","Құлаққап",10,350000,3500000
1152,"2026-08-17","Астана","Ноутбук",10,25000,250000
1153,"2026-05-19","Астана","Телефон",3,25000,75000
1154,"2026-05-14","Ақтөбе","Телефон",1,120000,120000
1155,"2026-04-01","Ақтөбе","Телефон",4,350000,1400000
1156,"2026-03-02","Шымкент","Құлаққап",5,180000,9e+05
1157,"2026-02-15","Алматы","Телефон",7,350000,2450000
1158,"2026-04-10","Ақтөбе","Ноутбук",5,180000,9e+05
1159,"2026-01-21","Қызылорда","Планшет",3,120000,360000
1160,"2026-06-19","Ақтөбе","Планшет",4,350000,1400000
1161,"2026-08-16","Астана","Телефон",5,180000,9e+05
1162,"2026-03-30","Астана","Құлаққап",6,180000,1080000
1163,"2026-09-09","Қызылорда","Планшет",3,25000,75000
1164,"2026-01-19","Алматы","Планшет",2,120000,240000
1165,"2026-04-18","Ақтөбе","Телефон",5,120000,6e+05
1166,"2026-02-14","Қызылорда","Құлаққап",10,350000,3500000
1167,"2026-01-20","Қызылорда","Құлаққап",7,180000,1260000
1168,"2026-01-10","Қызылорда","Телефон",9,350000,3150000
1169,"2026-05-24","Астана","Телефон",2,25000,50000
1170,"2026-09-08","Қызылорда","Ноутбук",2,180000,360000
1171,"2026-01-08","Ақтөбе","Телефон",9,120000,1080000
1172,"2026-08-04","Шымкент","Планшет",10,120000,1200000
1173,"2026-02-15","Шымкент","Құлаққап",5,350000,1750000
1174,"2026-05-21","Қызылорда","Ноутбук",5,180000,9e+05
1175,"2026-08-20","Шымкент","Планшет",2,180000,360000
1176,"2026-09-27","Шымкент","Құлаққап",6,350000,2100000
1177,"2026-03-25","Қызылорда","Телефон",8,180000,1440000
1178,"2026-04-13","Шымкент","Құлаққап",8,25000,2e+05
1179,"2026-08-12","Астана","Телефон",9,25000,225000
1180,"2026-01-01","Шымкент","Телефон",4,120000,480000
1181,"2026-02-21","Ақтөбе","Планшет",7,180000,1260000
1182,"2026-01-03","Астана","Құлаққап",5,350000,1750000
1183,"2026-09-21","Алматы","Планшет",8,120000,960000
1184,"2026-04-09","Шымкент","Ноутбук",2,350000,7e+05
1185,"2026-06-22","Ақтөбе","Телефон",1,180000,180000
1186,"2026-07-30","Шымкент","Ноутбук",7,350000,2450000
1187,"2026-03-13","Шымкент","Құлаққап",7,120000,840000
1188,"2026-06-22","Шымкент","Ноутбук",4,120000,480000
1189,"2026-08-20","Шымкент","Планшет",6,350000,2100000
1190,"2026-03-10","Қызылорда","Құлаққап",10,25000,250000
1191,"2026-03-13","Алматы","Ноутбук",8,120000,960000
1192,"2026-05-04","Шымкент","Құлаққап",10,350000,3500000
1193,"2026-06-06","Алматы","Ноутбук",2,180000,360000
1194,"2026-04-24","Алматы","Құлаққап",8,120000,960000
1195,"2026-01-14","Қызылорда","Телефон",6,120000,720000
1196,"2026-09-06","Қызылорда","Ноутбук",7,350000,2450000
1197,"2026-01-08","Шымкент","Планшет",4,25000,1e+05
1198,"2026-05-21","Алматы","Планшет",8,25000,2e+05
1199,"2026-05-13","Алматы","Планшет",2,120000,240000
1200,"2026-04-14","Алматы","Телефон",6,180000,1080000
1201,"2026-02-17","Қызылорда","Құлаққап",5,350000,1750000
1202,"2026-04-09","Қызылорда","Телефон",6,25000,150000
1203,"2026-05-08","Ақтөбе","Құлаққап",6,120000,720000
1204,"2026-08-11","Алматы","Телефон",3,350000,1050000
1205,"2026-09-14","Қызылорда","Телефон",9,25000,225000
1206,"2026-08-12","Астана","Планшет",9,120000,1080000
1207,"2026-02-21","Ақтөбе","Телефон",3,120000,360000
1208,"2026-03-11","Ақтөбе","Құлаққап",3,25000,75000
1209,"2026-01-11","Ақтөбе","Құлаққап",3,180000,540000
1210,"2026-03-16","Ақтөбе","Ноутбук",8,350000,2800000
1211,"2026-04-23","Ақтөбе","Планшет",7,350000,2450000
1212,"2026-07-25","Ақтөбе","Ноутбук",2,120000,240000
1213,"2026-03-03","Астана","Телефон",6,180000,1080000
1214,"2026-06-01","Астана","Телефон",10,25000,250000
1215,"2026-06-05","Қызылорда","Ноутбук",9,25000,225000
1216,"2026-08-13","Ақтөбе","Планшет",5,180000,9e+05
1217,"2026-07-12","Алматы","Планшет",6,25000,150000
1218,"2026-09-04","Қызылорда","Құлаққап",1,25000,25000
1219,"2026-06-12","Қызылорда","Телефон",6,350000,2100000
1220,"2026-04-18","Алматы","Телефон",8,25000,2e+05
1221,"2026-05-16","Ақтөбе","Телефон",7,350000,2450000
1222,"2026-08-13","Шымкент","Телефон",6,25000,150000
1223,"2026-06-18","Шымкент","Планшет",5,350000,1750000
1224,"2026-06-28","Қызылорда","Ноутбук",4,120000,480000
1225,"2026-06-29","Ақтөбе","Планшет",8,25000,2e+05
1226,"2026-07-11","Астана","Ноутбук",2,120000,240000
1227,"2026-05-30","Алматы","Ноутбук",10,120000,1200000
1228,"2026-03-30","Ақтөбе","Құлаққап",6,350000,2100000
1229,"2026-06-18","Астана","Планшет",3,350000,1050000
1230,"2026-05-09","Ақтөбе","Құлаққап",2,180000,360000
1231,"2026-01-15","Шымкент","Құлаққап",3,120000,360000
1232,"2026-04-26","Қызылорда","Құлаққап",1,25000,25000
1233,"2026-07-10","Алматы","Құлаққап",7,120000,840000
1234,"2026-07-26","Шымкент","Ноутбук",10,180000,1800000
1235,"2026-02-04","Қызылорда","Планшет",10,350000,3500000
1236,"2026-07-01","Астана","Телефон",2,350000,7e+05
1237,"2026-02-17","Астана","Планшет",4,350000,1400000
1238,"2026-02-01","Қызылорда","Ноутбук",1,120000,120000
1239,"2026-02-04","Астана","Планшет",10,180000,1800000
1240,"2026-08-11","Алматы","Құлаққап",7,120000,840000
1241,"2026-01-03","Алматы","Ноутбук",8,350000,2800000
1242,"2026-01-17","Астана","Ноутбук",1,350000,350000
1243,"2026-04-19","Ақтөбе","Құлаққап",7,120000,840000
1244,"2026-08-16","Ақтөбе","Планшет",8,25000,2e+05
1245,"2026-03-12","Қызылорда","Ноутбук",5,25000,125000
1246,"2026-05-31","Шымкент","Планшет",7,25000,175000
1247,"2026-03-26","Ақтөбе","Планшет",6,350000,2100000
1248,"2026-05-14","Астана","Телефон",9,25000,225000
1249,"2026-02-06","Астана","Планшет",10,120000,1200000
1250,"2026-05-13","Ақтөбе","Планшет",2,180000,360000
1251,"2026-02-19","Астана","Ноутбук",7,350000,2450000
1252,"2026-09-25","Ақтөбе","Құлаққап",3,350000,1050000
1253,"2026-07-17","Алматы","Ноутбук",1,25000,25000
1254,"2026-06-10","Қызылорда","Планшет",7,180000,1260000
1255,"2026-08-01","Ақтөбе","Ноутбук",7,180000,1260000
1256,"2026-02-06","Астана","Ноутбук",4,120000,480000
1257,"2026-01-25","Астана","Телефон",10,350000,3500000
1258,"2026-07-08","Қызылорда","Планшет",3,120000,360000
1259,"2026-01-20","Алматы","Планшет",2,350000,7e+05
1260,"2026-04-14","Астана","Планшет",9,120000,1080000
1261,"2026-07-27","Қызылорда","Телефон",3,120000,360000
1262,"2026-02-06","Алматы","Телефон",5,180000,9e+05
1263,"2026-07-14","Қызылорда","Телефон",7,350000,2450000
1264,"2026-06-13","Шымкент","Құлаққап",2,180000,360000
1265,"2026-05-22","Шымкент","Планшет",5,350000,1750000
1266,"2026-08-31","Қызылорда","Телефон",5,120000,6e+05
1267,"2026-06-04","Қызылорда","Құлаққап",3,350000,1050000
1268,"2026-03-13","Астана","Планшет",8,350000,2800000
1269,"2026-03-19","Шымкент","Құлаққап",1,350000,350000
1270,"2026-03-21","Алматы","Телефон",4,25000,1e+05
1271,"2026-01-21","Ақтөбе","Планшет",10,180000,1800000
1272,"2026-08-08","Шымкент","Ноутбук",6,120000,720000
1273,"2026-08-22","Астана","Ноутбук",8,120000,960000
1274,"2026-08-17","Алматы","Планшет",2,120000,240000
1275,"2026-03-15","Ақтөбе","Планшет",2,350000,7e+05
1276,"2026-04-07","Астана","Ноутбук",9,180000,1620000
1277,"2026-02-16","Алматы","Телефон",4,180000,720000
1278,"2026-01-21","Астана","Планшет",5,120000,6e+05
1279,"2026-03-20","Астана","Планшет",10,350000,3500000
1280,"2026-03-21","Астана","Планшет",6,180000,1080000
1281,"2026-04-04","Ақтөбе","Планшет",1,120000,120000
1282,"2026-02-28","Алматы","Телефон",6,120000,720000
1283,"2026-06-01","Қызылорда","Құлаққап",5,350000,1750000
1284,"2026-06-17","Шымкент","Телефон",9,350000,3150000
1285,"2026-05-16","Шымкент","Ноутбук",5,25000,125000
1286,"2026-02-20","Алматы","Ноутбук",5,350000,1750000
1287,"2026-03-01","Шымкент","Ноутбук",7,180000,1260000
1288,"2026-06-02","Астана","Ноутбук",9,180000,1620000
1289,"2026-02-27","Астана","Телефон",8,180000,1440000
1290,"2026-07-25","Ақтөбе","Планшет",3,350000,1050000
1291,"2026-02-02","Ақтөбе","Планшет",4,120000,480000
1292,"2026-03-25","Ақтөбе","Планшет",4,180000,720000
1293,"2026-06-29","Ақтөбе","Телефон",7,25000,175000
1294,"2026-07-21","Қызылорда","Ноутбук",5,120000,6e+05
1295,"2026-03-04","Шымкент","Ноутбук",10,25000,250000
1296,"2026-06-11","Қызылорда","Ноутбук",4,25000,1e+05
1297,"2026-03-27","Шымкент","Телефон",1,120000,120000
1298,"2026-02-28","Астана","Телефон",9,180000,1620000
1299,"2026-09-16","Қызылорда","Құлаққап",4,25000,1e+05
1300,"2026-05-06","Шымкент","Ноутбук",10,350000,3500000
1301,"2026-03-06","Астана","Құлаққап",2,120000,240000
1302,"2026-04-13","Қызылорда","Ноутбук",2,350000,7e+05
1303,"2026-09-15","Алматы","Құлаққап",6,25000,150000
1304,"2026-04-14","Шымкент","Құлаққап",3,120000,360000
1305,"2026-01-24","Шымкент","Құлаққап",3,25000,75000
1306,"2026-08-31","Ақтөбе","Планшет",5,350000,1750000
1307,"2026-08-31","Қызылорда","Телефон",9,180000,1620000
1308,"2026-02-06","Астана","Ноутбук",2,120000,240000
1309,"2026-07-05","Қызылорда","Ноутбук",8,25000,2e+05
1310,"2026-05-24","Қызылорда","Планшет",8,25000,2e+05
1311,"2026-04-25","Астана","Телефон",10,25000,250000
1312,"2026-08-15","Қызылорда","Құлаққап",8,180000,1440000
1313,"2026-01-09","Алматы","Ноутбук",3,350000,1050000
1314,"2026-04-12","Шымкент","Құлаққап",7,25000,175000
1315,"2026-02-16","Ақтөбе","Құлаққап",1,25000,25000
1316,"2026-08-29","Ақтөбе","Планшет",10,120000,1200000
1317,"2026-08-22","Астана","Планшет",7,350000,2450000
1318,"2026-04-19","Қызылорда","Планшет",10,25000,250000
1319,"2026-07-14","Шымкент","Телефон",7,25000,175000
1320,"2026-07-25","Астана","Планшет",1,25000,25000
1321,"2026-07-09","Қызылорда","Құлаққап",7,120000,840000
1322,"2026-04-22","Ақтөбе","Құлаққап",6,180000,1080000
1323,"2026-06-02","Қызылорда","Ноутбук",5,180000,9e+05
1324,"2026-06-28","Алматы","Құлаққап",3,350000,1050000
1325,"2026-04-09","Ақтөбе","Ноутбук",4,350000,1400000
1326,"2026-07-05","Шымкент","Ноутбук",8,180000,1440000
1327,"2026-05-29","Ақтөбе","Планшет",5,120000,6e+05
1328,"2026-02-15","Алматы","Ноутбук",3,350000,1050000
1329,"2026-05-18","Астана","Ноутбук",9,180000,1620000
1330,"2026-03-28","Алматы","Құлаққап",1,180000,180000
1331,"2026-09-26","Қызылорда","Ноутбук",2,180000,360000
1332,"2026-02-28","Астана","Телефон",8,350000,2800000
1333,"2026-09-21","Шымкент","Планшет",8,25000,2e+05
1334,"2026-07-24","Астана","Телефон",10,180000,1800000
1335,"2026-06-25","Ақтөбе","Құлаққап",6,120000,720000
1336,"2026-04-19","Ақтөбе","Құлаққап",8,350000,2800000
1337,"2026-05-02","Астана","Телефон",7,350000,2450000
1338,"2026-02-05","Ақтөбе","Ноутбук",3,25000,75000
1339,"2026-03-05","Астана","Планшет",5,120000,6e+05
1340,"2026-05-14","Қызылорда","Ноутбук",8,180000,1440000
1341,"2026-05-14","Қызылорда","Планшет",6,350000,2100000
1342,"2026-08-21","Шымкент","Құлаққап",1,120000,120000
1343,"2026-09-07","Алматы","Телефон",5,120000,6e+05
1344,"2026-04-10","Алматы","Планшет",5,25000,125000
1345,"2026-04-19","Алматы","Құлаққап",6,25000,150000
1346,"2026-05-04","Ақтөбе","Ноутбук",6,180000,1080000
1347,"2026-03-30","Астана","Телефон",8,180000,1440000
1348,"2026-09-21","Алматы","Құлаққап",6,350000,2100000
1349,"2026-07-18","Ақтөбе","Планшет",6,25000,150000
1350,"2026-04-12","Қызылорда","Планшет",4,350000,1400000
1351,"2026-07-21","Ақтөбе","Құлаққап",8,180000,1440000
1352,"2026-09-24","Ақтөбе","Ноутбук",7,350000,2450000
1353,"2026-07-14","Алматы","Планшет",8,350000,2800000
1354,"2026-01-18","Шымкент","Планшет",5,180000,9e+05
1355,"2026-09-06","Шымкент","Планшет",6,25000,150000
1356,"2026-05-21","Астана","Телефон",5,350000,1750000
1357,"2026-05-30","Ақтөбе","Телефон",5,180000,9e+05
1358,"2026-03-04","Шымкент","Телефон",8,180000,1440000
1359,"2026-04-04","Алматы","Ноутбук",4,180000,720000
1360,"2026-05-23","Ақтөбе","Ноутбук",10,25000,250000
1361,"2026-04-26","Алматы","Ноутбук",8,25000,2e+05
1362,"2026-08-03","Қызылорда","Ноутбук",7,180000,1260000
1363,"2026-03-25","Шымкент","Ноутбук",4,120000,480000
1364,"2026-06-24","Ақтөбе","Телефон",1,180000,180000
1365,"2026-07-20","Шымкент","Құлаққап",9,25000,225000
1366,"2026-06-14","Астана","Құлаққап",10,120000,1200000
1367,"2026-06-05","Қызылорда","Планшет",7,120000,840000
1368,"2026-06-01","Астана","Ноутбук",7,120000,840000
1369,"2026-08-24","Ақтөбе","Планшет",4,120000,480000
1370,"2026-03-08","Алматы","Планшет",8,120000,960000
1371,"2026-07-18","Астана","Планшет",1,350000,350000
1372,"2026-09-02","Қызылорда","Құлаққап",6,120000,720000
1373,"2026-09-18","Алматы","Телефон",2,25000,50000
1374,"2026-02-04","Ақтөбе","Планшет",4,350000,1400000
1375,"2026-06-19","Астана","Құлаққап",6,25000,150000
1376,"2026-04-16","Ақтөбе","Телефон",9,350000,3150000
1377,"2026-01-07","Шымкент","Ноутбук",6,350000,2100000
1378,"2026-06-18","Астана","Телефон",2,350000,7e+05
1379,"2026-09-23","Алматы","Ноутбук",1,120000,120000
1380,"2026-01-01","Қызылорда","Ноутбук",6,180000,1080000
1381,"2026-04-27","Шымкент","Ноутбук",2,120000,240000
1382,"2026-08-23","Ақтөбе","Телефон",10,350000,3500000
1383,"2026-02-27","Шымкент","Құлаққап",3,25000,75000
1384,"2026-07-28","Ақтөбе","Планшет",3,25000,75000
1385,"2026-05-10","Қызылорда","Планшет",10,180000,1800000
1386,"2026-04-30","Алматы","Құлаққап",8,120000,960000
1387,"2026-08-10","Алматы","Планшет",9,350000,3150000
1388,"2026-06-25","Қызылорда","Телефон",3,120000,360000
1389,"2026-08-30","Шымкент","Құлаққап",3,350000,1050000
1390,"2026-08-23","Астана","Планшет",5,25000,125000
1391,"2026-05-18","Қызылорда","Планшет",6,180000,1080000
1392,"2026-07-31","Шымкент","Телефон",4,25000,1e+05
1393,"2026-07-22","Қызылорда","Телефон",8,120000,960000
1394,"2026-03-02","Алматы","Планшет",3,350000,1050000
1395,"2026-08-10","Алматы","Құлаққап",9,180000,1620000
1396,"2026-02-19","Алматы","Ноутбук",7,180000,1260000
1397,"2026-04-11","Ақтөбе","Құлаққап",8,350000,2800000
1398,"2026-09-03","Алматы","Планшет",3,120000,360000
1399,"2026-08-06","Алматы","Планшет",4,120000,480000
1400,"2026-09-09","Шымкент","Құлаққап",2,25000,50000
1401,"2026-05-27","Шымкент","Ноутбук",7,180000,1260000
1402,"2026-03-16","Қызылорда","Ноутбук",10,120000,1200000
1403,"2026-06-19","Астана","Ноутбук",3,180000,540000
1404,"2026-04-19","Шымкент","Телефон",6,25000,150000
1405,"2026-07-12","Алматы","Ноутбук",3,350000,1050000
1406,"2026-02-26","Қызылорда","Құлаққап",8,25000,2e+05
1407,"2026-03-20","Шымкент","Планшет",4,180000,720000
1408,"2026-03-01","Астана","Ноутбук",3,25000,75000
1409,"2026-05-11","Астана","Телефон",9,25000,225000
1410,"2026-04-17","Қызылорда","Телефон",7,25000,175000
1411,"2026-04-26","Шымкент","Телефон",8,25000,2e+05
1412,"2026-09-07","Қызылорда","Планшет",6,180000,1080000
1413,"2026-01-02","Қызылорда","Ноутбук",10,120000,1200000
1414,"2026-04-19","Алматы","Телефон",6,120000,720000
1415,"2026-01-25","Ақтөбе","Құлаққап",9,180000,1620000
1416,"2026-02-04","Астана","Құлаққап",2,25000,50000
1417,"2026-01-10","Қызылорда","Телефон",5,180000,9e+05
1418,"2026-07-10","Алматы","Ноутбук",9,25000,225000
1419,"2026-04-11","Астана","Ноутбук",5,180000,9e+05
1420,"2026-04-15","Алматы","Телефон",3,180000,540000
1421,"2026-03-04","Ақтөбе","Құлаққап",4,350000,1400000
1422,"2026-08-21","Шымкент","Телефон",1,180000,180000
1423,"2026-09-21","Шымкент","Құлаққап",3,350000,1050000
1424,"2026-07-12","Шымкент","Ноутбук",8,120000,960000
1425,"2026-03-31","Астана","Ноутбук",9,180000,1620000
1426,"2026-01-28","Астана","Ноутбук",4,350000,1400000
1427,"2026-01-28","Қызылорда","Телефон",4,350000,1400000
1428,"2026-08-09","Астана","Телефон",3,350000,1050000
1429,"2026-08-17","Ақтөбе","Құлаққап",3,350000,1050000
1430,"2026-09-27","Қызылорда","Планшет",4,180000,720000
1431,"2026-06-23","Қызылорда","Планшет",2,25000,50000
1432,"2026-02-17","Астана","Ноутбук",8,120000,960000
1433,"2026-05-21","Қызылорда","Құлаққап",4,180000,720000
1434,"2026-03-22","Ақтөбе","Телефон",1,350000,350000
1435,"2026-01-30","Шымкент","Планшет",8,350000,2800000
1436,"2026-01-15","Қызылорда","Құлаққап",8,350000,2800000
1437,"2026-09-13","Астана","Планшет",9,25000,225000
1438,"2026-02-19","Шымкент","Планшет",7,25000,175000
1439,"2026-08-06","Алматы","Планшет",7,350000,2450000
1440,"2026-09-19","Алматы","Ноутбук",5,180000,9e+05
1441,"2026-07-22","Қызылорда","Ноутбук",1,25000,25000
1442,"2026-07-12","Алматы","Құлаққап",10,120000,1200000
1443,"2026-08-29","Алматы","Телефон",6,350000,2100000
1444,"2026-02-19","Алматы","Телефон",7,350000,2450000
1445,"2026-06-11","Қызылорда","Ноутбук",1,120000,120000
1446,"2026-06-26","Алматы","Ноутбук",1,25000,25000
1447,"2026-03-05","Астана","Планшет",3,350000,1050000
1448,"2026-07-01","Шымкент","Ноутбук",6,120000,720000
1449,"2026-05-09","Шымкент","Құлаққап",10,120000,1200000
1450,"2026-07-28","Қызылорда","Планшет",2,25000,50000
1451,"2026-02-12","Қызылорда","Ноутбук",8,25000,2e+05
1452,"2026-09-01","Ақтөбе","Телефон",3,180000,540000
1453,"2026-01-29","Қызылорда","Планшет",7,180000,1260000
1454,"2026-02-24","Ақтөбе","Телефон",1,120000,120000
1455,"2026-01-27","Ақтөбе","Телефон",7,180000,1260000
1456,"2026-08-30","Астана","Ноутбук",1,350000,350000
1457,"2026-01-23","Ақтөбе","Телефон",2,120000,240000
1458,"2026-08-12","Ақтөбе","Ноутбук",10,180000,1800000
1459,"2026-06-28","Шымкент","Ноутбук",10,120000,1200000
1460,"2026-04-09","Алматы","Құлаққап",8,350000,2800000
1461,"2026-09-25","Астана","Құлаққап",1,180000,180000
1462,"2026-09-04","Қызылорда","Құлаққап",7,180000,1260000
1463,"2026-02-22","Шымкент","Телефон",9,120000,1080000
1464,"2026-01-16","Ақтөбе","Құлаққап",8,180000,1440000
1465,"2026-04-05","Алматы","Құлаққап",7,120000,840000
1466,"2026-03-12","Астана","Планшет",4,350000,1400000
1467,"2026-03-14","Алматы","Планшет",8,180000,1440000
1468,"2026-03-24","Астана","Құлаққап",5,350000,1750000
1469,"2026-03-09","Алматы","Ноутбук",1,25000,25000
1470,"2026-06-30","Шымкент","Планшет",7,180000,1260000
1471,"2026-03-08","Шымкент","Планшет",10,120000,1200000
1472,"2026-09-14","Шымкент","Телефон",3,180000,540000
1473,"2026-01-02","Астана","Құлаққап",9,180000,1620000
1474,"2026-05-14","Алматы","Планшет",1,350000,350000
1475,"2026-09-19","Ақтөбе","Телефон",4,180000,720000
1476,"2026-07-22","Ақтөбе","Құлаққап",3,350000,1050000
1477,"2026-09-14","Ақтөбе","Ноутбук",3,25000,75000
1478,"2026-06-03","Қызылорда","Телефон",10,120000,1200000
1479,"2026-01-25","Қызылорда","Құлаққап",10,25000,250000
1480,"2026-03-12","Шымкент","Ноутбук",4,25000,1e+05
1481,"2026-06-18","Астана","Құлаққап",2,180000,360000
1482,"2026-08-30","Алматы","Ноутбук",1,25000,25000
1483,"2026-05-15","Ақтөбе","Планшет",6,350000,2100000
1484,"2026-09-21","Қызылорда","Ноутбук",9,180000,1620000
1485,"2026-06-14","Шымкент","Телефон",2,120000,240000
1486,"2026-05-12","Астана","Телефон",4,25000,1e+05
1487,"2026-07-01","Шымкент","Телефон",8,350000,2800000
1488,"2026-06-29","Алматы","Құлаққап",10,120000,1200000
1489,"2026-04-29","Алматы","Телефон",6,120000,720000
1490,"2026-06-01","Қызылорда","Планшет",6,120000,720000
1491,"2026-01-24","Қызылорда","Планшет",6,120000,720000
1492,"2026-08-26","Алматы","Құлаққап",4,350000,1400000
1493,"2026-08-20","Шымкент","Планшет",2,350000,7e+05
1494,"2026-06-23","Ақтөбе","Планшет",3,120000,360000
1495,"2026-09-14","Астана","Телефон",7,180000,1260000
1496,"2026-03-21","Қызылорда","Телефон",6,350000,2100000
1497,"2026-03-03","Астана","Ноутбук",4,180000,720000
1498,"2026-03-30","Қызылорда","Планшет",4,180000,720000
1499,"2026-07-15","Астана","Телефон",7,180000,1260000
1500,"2026-06-14","Қызылорда","Телефон",10,120000,1200000
1501,"2026-07-10","Алматы","Телефон",4,180000,720000
1502,"2026-06-17","Шымкент","Телефон",1,350000,350000
1503,"2026-03-24","Шымкент","Ноутбук",5,120000,6e+05
1504,"2026-06-23","Астана","Ноутбук",10,180000,1800000
1505,"2026-03-21","Алматы","Телефон",7,180000,1260000
1506,"2026-04-15","Алматы","Ноутбук",2,180000,360000
1507,"2026-09-24","Шымкент","Телефон",8,120000,960000
1508,"2026-03-27","Ақтөбе","Телефон",8,350000,2800000
1509,"2026-05-03","Алматы","Ноутбук",8,25000,2e+05
1510,"2026-09-17","Астана","Құлаққап",7,120000,840000
1511,"2026-07-24","Астана","Ноутбук",4,350000,1400000
1512,"2026-04-11","Алматы","Құлаққап",2,350000,7e+05
1513,"2026-07-20","Қызылорда","Құлаққап",10,350000,3500000
1514,"2026-08-02","Қызылорда","Құлаққап",4,180000,720000
1515,"2026-03-31","Алматы","Ноутбук",1,120000,120000
1516,"2026-03-28","Қызылорда","Планшет",9,350000,3150000
1517,"2026-09-08","Алматы","Планшет",6,350000,2100000
1518,"2026-05-27","Ақтөбе","Құлаққап",7,350000,2450000
1519,"2026-05-07","Қызылорда","Планшет",9,180000,1620000
1520,"2026-09-11","Астана","Ноутбук",4,25000,1e+05
1521,"2026-09-12","Алматы","Телефон",5,180000,9e+05
1522,"2026-09-06","Қызылорда","Телефон",7,180000,1260000
1523,"2026-02-11","Алматы","Планшет",4,350000,1400000
1524,"2026-05-17","Ақтөбе","Телефон",1,350000,350000
1525,"2026-07-15","Алматы","Құлаққап",7,180000,1260000
1526,"2026-01-03","Қызылорда","Телефон",9,25000,225000
1527,"2026-09-07","Шымкент","Планшет",5,180000,9e+05
1528,"2026-03-27","Шымкент","Телефон",4,350000,1400000
1529,"2026-01-22","Ақтөбе","Ноутбук",3,350000,1050000
1530,"2026-07-09","Шымкент","Телефон",7,25000,175000
1531,"2026-03-31","Қызылорда","Телефон",1,350000,350000
1532,"2026-09-18","Астана","Планшет",3,120000,360000
1533,"2026-05-01","Алматы","Телефон",3,180000,540000
1534,"2026-08-30","Алматы","Планшет",5,25000,125000
1535,"2026-05-22","Алматы","Құлаққап",10,120000,1200000
1536,"2026-03-02","Ақтөбе","Телефон",2,25000,50000
1537,"2026-06-22","Астана","Ноутбук",1,120000,120000
1538,"2026-06-08","Алматы","Телефон",3,180000,540000
1539,"2026-02-23","Ақтөбе","Ноутбук",6,350000,2100000
1540,"2026-08-30","Ақтөбе","Планшет",10,120000,1200000
1541,"2026-03-17","Қызылорда","Ноутбук",3,120000,360000
1542,"2026-05-25","Астана","Планшет",4,25000,1e+05
1543,"2026-05-26","Алматы","Ноутбук",10,25000,250000
1544,"2026-04-10","Алматы","Ноутбук",9,25000,225000
1545,"2026-01-01","Астана","Құлаққап",5,25000,125000
1546,"2026-02-11","Астана","Құлаққап",5,25000,125000
1547,"2026-03-04","Қызылорда","Ноутбук",3,120000,360000
1548,"2026-05-22","Қызылорда","Планшет",1,25000,25000
1549,"2026-06-13","Ақтөбе","Планшет",8,25000,2e+05
1550,"2026-08-22","Ақтөбе","Планшет",6,120000,720000
1551,"2026-06-22","Шымкент","Ноутбук",8,120000,960000
1552,"2026-01-31","Алматы","Құлаққап",1,25000,25000
1553,"2026-09-01","Қызылорда","Ноутбук",5,350000,1750000
1554,"2026-03-04","Қызылорда","Ноутбук",1,350000,350000
1555,"2026-06-25","Шымкент","Планшет",3,180000,540000
1556,"2026-06-29","Алматы","Планшет",1,350000,350000
1557,"2026-06-11","Ақтөбе","Құлаққап",7,120000,840000
1558,"2026-08-27","Қызылорда","Ноутбук",9,120000,1080000
1559,"2026-06-28","Астана","Телефон",4,25000,1e+05
1560,"2026-03-06","Алматы","Құлаққап",4,180000,720000
1561,"2026-04-16","Алматы","Телефон",3,120000,360000
1562,"2026-05-14","Алматы","Құлаққап",7,350000,2450000
1563,"2026-09-14","Алматы","Құлаққап",4,180000,720000
1564,"2026-03-03","Шымкент","Ноутбук",7,120000,840000
1565,"2026-06-11","Шымкент","Ноутбук",8,350000,2800000
1566,"2026-06-13","Ақтөбе","Планшет",4,350000,1400000
1567,"2026-08-23","Қызылорда","Құлаққап",6,25000,150000
1568,"2026-07-12","Шымкент","Планшет",3,180000,540000
1569,"2026-02-16","Астана","Құлаққап",3,120000,360000
1570,"2026-08-22","Алматы","Ноутбук",9,25000,225000
1571,"2026-03-15","Астана","Ноутбук",1,180000,180000
1572,"2026-09-19","Алматы","Ноутбук",1,25000,25000
1573,"2026-01-18","Астана","Құлаққап",8,120000,960000
1574,"2026-07-30","Алматы","Ноутбук",3,25000,75000
1575,"2026-08-19","Астана","Құлаққап",4,180000,720000
1576,"2026-03-26","Шымкент","Планшет",3,120000,360000
1577,"2026-02-18","Ақтөбе","Құлаққап",8,25000,2e+05
1578,"2026-04-02","Алматы","Құлаққап",2,120000,240000
1579,"2026-08-12","Қызылорда","Планшет",1,25000,25000
1580,"2026-09-07","Алматы","Ноутбук",10,180000,1800000
1581,"2026-01-13","Алматы","Ноутбук",1,180000,180000
1582,"2026-08-25","Шымкент","Ноутбук",9,25000,225000
1583,"2026-08-04","Ақтөбе","Ноутбук",5,120000,6e+05
1584,"2026-01-09","Ақтөбе","Планшет",4,120000,480000
1585,"2026-04-24","Алматы","Ноутбук",2,180000,360000
1586,"2026-04-09","Алматы","Құлаққап",3,350000,1050000
1587,"2026-06-24","Шымкент","Құлаққап",2,350000,7e+05
1588,"2026-08-29","Шымкент","Құлаққап",3,120000,360000
1589,"2026-09-01","Қызылорда","Планшет",5,180000,9e+05
1590,"2026-01-11","Шымкент","Ноутбук",3,350000,1050000
1591,"2026-08-16","Алматы","Телефон",3,350000,1050000
1592,"2026-01-08","Қызылорда","Ноутбук",5,25000,125000
1593,"2026-02-23","Шымкент","Телефон",8,120000,960000
1594,"2026-04-23","Ақтөбе","Планшет",8,120000,960000
1595,"2026-01-03","Алматы","Телефон",3,25000,75000
1596,"2026-09-08","Алматы","Ноутбук",10,120000,1200000
1597,"2026-04-03","Қызылорда","Құлаққап",5,120000,6e+05
1598,"2026-07-18","Ақтөбе","Құлаққап",7,25000,175000
1599,"2026-01-21","Шымкент","Планшет",8,350000,2800000
1600,"2026-03-10","Алматы","Ноутбук",4,120000,480000
1601,"2026-01-28","Қызылорда","Планшет",1,120000,120000
1602,"2026-08-16","Шымкент","Телефон",3,25000,75000
1603,"2026-06-28","Шымкент","Ноутбук",7,180000,1260000
1604,"2026-02-07","Ақтөбе","Құлаққап",3,180000,540000
1605,"2026-03-29","Алматы","Планшет",10,350000,3500000
1606,"2026-02-12","Қызылорда","Планшет",4,120000,480000
1607,"2026-01-28","Қызылорда","Планшет",8,25000,2e+05
1608,"2026-06-14","Шымкент","Ноутбук",2,180000,360000
1609,"2026-04-27","Астана","Құлаққап",1,350000,350000
1610,"2026-02-26","Ақтөбе","Ноутбук",8,25000,2e+05
1611,"2026-08-13","Ақтөбе","Ноутбук",9,350000,3150000
1612,"2026-09-12","Ақтөбе","Телефон",7,350000,2450000
1613,"2026-01-01","Қызылорда","Планшет",6,120000,720000
1614,"2026-07-06","Шымкент","Планшет",2,25000,50000
1615,"2026-02-20","Астана","Ноутбук",4,350000,1400000
1616,"2026-06-14","Астана","Телефон",1,180000,180000
1617,"2026-01-26","Астана","Құлаққап",7,350000,2450000
1618,"2026-07-29","Шымкент","Құлаққап",8,350000,2800000
1619,"2026-03-30","Шымкент","Ноутбук",8,120000,960000
1620,"2026-04-18","Алматы","Телефон",2,120000,240000
1621,"2026-07-26","Ақтөбе","Телефон",9,120000,1080000
1622,"2026-04-04","Ақтөбе","Телефон",10,25000,250000
1623,"2026-04-29","Шымкент","Планшет",7,350000,2450000
1624,"2026-07-19","Шымкент","Құлаққап",3,350000,1050000
1625,"2026-05-26","Шымкент","Құлаққап",2,180000,360000
1626,"2026-08-06","Астана","Планшет",6,180000,1080000
1627,"2026-03-31","Астана","Құлаққап",3,180000,540000
1628,"2026-06-01","Алматы","Телефон",6,180000,1080000
1629,"2026-03-29","Алматы","Телефон",1,120000,120000
1630,"2026-07-24","Қызылорда","Ноутбук",6,350000,2100000
1631,"2026-05-23","Алматы","Планшет",2,25000,50000
1632,"2026-05-30","Шымкент","Құлаққап",9,25000,225000
1633,"2026-07-04","Астана","Құлаққап",6,180000,1080000
1634,"2026-06-22","Шымкент","Планшет",1,120000,120000
1635,"2026-05-21","Шымкент","Планшет",5,120000,6e+05
1636,"2026-06-08","Астана","Телефон",3,25000,75000
1637,"2026-01-14","Қызылорда","Телефон",6,180000,1080000
1638,"2026-08-29","Шымкент","Құлаққап",6,180000,1080000
1639,"2026-09-04","Алматы","Планшет",1,180000,180000
1640,"2026-03-18","Ақтөбе","Телефон",2,120000,240000
1641,"2026-03-12","Қызылорда","Телефон",5,25000,125000
1642,"2026-04-02","Қызылорда","Телефон",3,180000,540000
1643,"2026-06-15","Астана","Ноутбук",5,350000,1750000
1644,"2026-02-04","Ақтөбе","Құлаққап",9,180000,1620000
1645,"2026-06-12","Алматы","Планшет",10,25000,250000
1646,"2026-04-27","Алматы","Ноутбук",10,120000,1200000
1647,"2026-09-09","Шымкент","Ноутбук",6,180000,1080000
1648,"2026-07-05","Шымкент","Ноутбук",4,350000,1400000
1649,"2026-04-18","Алматы","Құлаққап",5,120000,6e+05
1650,"2026-03-02","Ақтөбе","Телефон",6,350000,2100000
1651,"2026-08-04","Астана","Құлаққап",6,180000,1080000
1652,"2026-01-08","Ақтөбе","Ноутбук",6,180000,1080000
1653,"2026-03-17","Шымкент","Құлаққап",5,120000,6e+05
1654,"2026-01-08","Астана","Ноутбук",2,120000,240000
1655,"2026-07-05","Қызылорда","Планшет",6,120000,720000
1656,"2026-08-01","Қызылорда","Құлаққап",3,120000,360000
1657,"2026-09-06","Астана","Планшет",4,350000,1400000
1658,"2026-03-18","Қызылорда","Планшет",6,350000,2100000
1659,"2026-08-05","Шымкент","Планшет",7,350000,2450000
1660,"2026-05-19","Шымкент","Планшет",4,25000,1e+05
1661,"2026-04-09","Астана","Телефон",4,25000,1e+05
1662,"2026-03-08","Алматы","Ноутбук",9,120000,1080000
1663,"2026-01-24","Алматы","Ноутбук",4,25000,1e+05
1664,"2026-06-19","Шымкент","Құлаққап",3,350000,1050000
1665,"2026-07-16","Ақтөбе","Ноутбук",4,180000,720000
1666,"2026-01-19","Ақтөбе","Құлаққап",10,25000,250000
1667,"2026-07-10","Қызылорда","Телефон",4,350000,1400000
1668,"2026-09-21","Ақтөбе","Планшет",9,350000,3150000
1669,"2026-04-14","Ақтөбе","Ноутбук",8,350000,2800000
1670,"2026-07-13","Шымкент","Құлаққап",6,120000,720000
1671,"2026-02-12","Қызылорда","Телефон",7,120000,840000
1672,"2026-01-24","Астана","Құлаққап",6,120000,720000
1673,"2026-07-17","Алматы","Телефон",1,25000,25000
1674,"2026-06-21","Шымкент","Құлаққап",2,25000,50000
1675,"2026-07-29","Қызылорда","Құлаққап",5,25000,125000
1676,"2026-05-14","Шымкент","Құлаққап",4,180000,720000
1677,"2026-04-24","Шымкент","Құлаққап",4,350000,1400000
1678,"2026-04-17","Астана","Құлаққап",9,120000,1080000
1679,"2026-01-23","Алматы","Құлаққап",2,350000,7e+05
1680,"2026-03-14","Шымкент","Планшет",3,120000,360000
1681,"2026-03-25","Алматы","Ноутбук",10,25000,250000
1682,"2026-03-24","Астана","Телефон",8,120000,960000
1683,"2026-05-07","Алматы","Планшет",5,180000,9e+05
1684,"2026-02-04","Шымкент","Құлаққап",2,350000,7e+05
1685,"2026-01-30","Ақтөбе","Құлаққап",1,25000,25000
1686,"2026-03-01","Астана","Планшет",4,120000,480000
1687,"2026-04-01","Қызылорда","Планшет",5,350000,1750000
1688,"2026-08-05","Шымкент","Құлаққап",3,180000,540000
1689,"2026-06-29","Ақтөбе","Телефон",8,25000,2e+05
1690,"2026-09-04","Алматы","Телефон",3,120000,360000
1691,"2026-05-12","Астана","Құлаққап",8,180000,1440000
1692,"2026-05-05","Ақтөбе","Планшет",4,180000,720000
1693,"2026-03-20","Шымкент","Құлаққап",2,350000,7e+05
1694,"2026-02-07","Алматы","Құлаққап",1,350000,350000
1695,"2026-02-28","Ақтөбе","Планшет",5,180000,9e+05
1696,"2026-05-27","Астана","Құлаққап",1,120000,120000
1697,"2026-08-03","Қызылорда","Құлаққап",6,350000,2100000
1698,"2026-06-03","Астана","Құлаққап",7,25000,175000
1699,"2026-05-12","Шымкент","Ноутбук",4,180000,720000
1700,"2026-08-21","Алматы","Ноутбук",8,180000,1440000
1701,"2026-01-01","Астана","Телефон",7,25000,175000
1702,"2026-04-20","Қызылорда","Телефон",1,120000,120000
1703,"2026-01-17","Қызылорда","Планшет",6,25000,150000
1704,"2026-07-19","Қызылорда","Планшет",7,350000,2450000
1705,"2026-06-17","Қызылорда","Планшет",10,350000,3500000
1706,"2026-02-25","Астана","Құлаққап",5,180000,9e+05
1707,"2026-08-04","Шымкент","Құлаққап",5,180000,9e+05
1708,"2026-08-06","Астана","Планшет",4,350000,1400000
1709,"2026-02-27","Ақтөбе","Құлаққап",4,120000,480000
1710,"2026-07-01","Алматы","Ноутбук",1,350000,350000
1711,"2026-08-11","Ақтөбе","Телефон",6,120000,720000
1712,"2026-09-03","Алматы","Ноутбук",2,350000,7e+05
1713,"2026-02-24","Астана","Ноутбук",1,350000,350000
1714,"2026-05-17","Ақтөбе","Телефон",10,25000,250000
1715,"2026-08-09","Ақтөбе","Планшет",5,180000,9e+05
1716,"2026-04-08","Ақтөбе","Планшет",3,25000,75000
1717,"2026-09-24","Қызылорда","Ноутбук",8,180000,1440000
1718,"2026-09-11","Ақтөбе","Құлаққап",2,120000,240000
1719,"2026-03-07","Алматы","Құлаққап",4,25000,1e+05
1720,"2026-05-21","Шымкент","Ноутбук",5,25000,125000
1721,"2026-04-03","Шымкент","Телефон",8,180000,1440000
1722,"2026-03-05","Астана","Ноутбук",10,350000,3500000
1723,"2026-08-31","Алматы","Құлаққап",4,350000,1400000
1724,"2026-08-26","Алматы","Планшет",8,350000,2800000
1725,"2026-02-15","Қызылорда","Телефон",5,25000,125000
1726,"2026-01-15","Ақтөбе","Телефон",6,120000,720000
1727,"2026-02-20","Шымкент","Планшет",7,350000,2450000
1728,"2026-01-22","Шымкент","Құлаққап",7,350000,2450000
1729,"2026-03-15","Шымкент","Планшет",9,350000,3150000
1730,"2026-06-17","Шымкент","Планшет",9,25000,225000
1731,"2026-06-26","Ақтөбе","Ноутбук",8,25000,2e+05
1732,"2026-04-30","Алматы","Телефон",5,180000,9e+05
1733,"2026-02-26","Алматы","Телефон",5,120000,6e+05
1734,"2026-07-12","Шымкент","Ноутбук",5,350000,1750000
1735,"2026-03-27","Алматы","Құлаққап",9,350000,3150000
1736,"2026-07-14","Астана","Ноутбук",9,25000,225000
1737,"2026-02-24","Қызылорда","Планшет",9,350000,3150000
1738,"2026-04-27","Ақтөбе","Планшет",6,350000,2100000
1739,"2026-04-27","Ақтөбе","Планшет",6,25000,150000
1740,"2026-07-05","Шымкент","Ноутбук",3,180000,540000
1741,"2026-03-11","Қызылорда","Планшет",1,25000,25000
1742,"2026-02-28","Ақтөбе","Планшет",5,350000,1750000
1743,"2026-08-05","Ақтөбе","Құлаққап",5,120000,6e+05
1744,"2026-01-30","Шымкент","Планшет",5,120000,6e+05
1745,"2026-07-07","Алматы","Планшет",1,180000,180000
1746,"2026-05-31","Шымкент","Ноутбук",7,350000,2450000
1747,"2026-07-20","Шымкент","Телефон",5,350000,1750000
1748,"2026-07-21","Ақтөбе","Құлаққап",5,180000,9e+05
1749,"2026-02-01","Алматы","Ноутбук",6,180000,1080000
1750,"2026-05-10","Астана","Ноутбук",7,120000,840000
1751,"2026-08-22","Қызылорда","Құлаққап",3,350000,1050000
1752,"2026-05-16","Шымкент","Планшет",10,120000,1200000
1753,"2026-08-18","Алматы","Планшет",7,25000,175000
1754,"2026-09-18","Ақтөбе","Ноутбук",9,120000,1080000
1755,"2026-07-21","Қызылорда","Планшет",10,350000,3500000
1756,"2026-03-14","Алматы","Телефон",4,180000,720000
1757,"2026-08-23","Ақтөбе","Ноутбук",4,25000,1e+05
1758,"2026-05-07","Ақтөбе","Ноутбук",9,180000,1620000
1759,"2026-06-22","Ақтөбе","Құлаққап",10,180000,1800000
1760,"2026-01-18","Ақтөбе","Телефон",7,180000,1260000
1761,"2026-01-05","Шымкент","Құлаққап",3,120000,360000
1762,"2026-01-10","Астана","Құлаққап",6,25000,150000
1763,"2026-04-08","Астана","Құлаққап",4,120000,480000
1764,"2026-03-26","Шымкент","Телефон",8,120000,960000
1765,"2026-06-06","Ақтөбе","Құлаққап",5,350000,1750000
1766,"2026-04-13","Шымкент","Телефон",1,120000,120000
1767,"2026-08-21","Алматы","Планшет",8,350000,2800000
1768,"2026-03-02","Шымкент","Құлаққап",10,120000,1200000
1769,"2026-07-10","Алматы","Телефон",9,180000,1620000
1770,"2026-04-12","Ақтөбе","Планшет",5,25000,125000
1771,"2026-04-22","Алматы","Планшет",8,120000,960000
1772,"2026-02-05","Ақтөбе","Құлаққап",6,350000,2100000
1773,"2026-05-10","Қызылорда","Ноутбук",1,180000,180000
1774,"2026-06-16","Астана","Планшет",1,180000,180000
1775,"2026-04-29","Ақтөбе","Планшет",6,180000,1080000
1776,"2026-08-15","Ақтөбе","Телефон",4,350000,1400000
1777,"2026-03-24","Шымкент","Телефон",9,350000,3150000
1778,"2026-07-30","Ақтөбе","Телефон",7,120000,840000
1779,"2026-05-04","Алматы","Планшет",1,350000,350000
1780,"2026-05-23","Алматы","Телефон",10,120000,1200000
1781,"2026-09-21","Шымкент","Ноутбук",9,25000,225000
1782,"2026-03-23","Қызылорда","Ноутбук",7,120000,840000
1783,"2026-05-24","Шымкент","Құлаққап",3,350000,1050000
1784,"2026-09-24","Ақтөбе","Ноутбук",7,180000,1260000
1785,"2026-01-15","Қызылорда","Телефон",1,120000,120000
1786,"2026-03-29","Шымкент","Құлаққап",1,120000,120000
1787,"2026-09-12","Ақтөбе","Құлаққап",7,350000,2450000
1788,"2026-02-27","Шымкент","Құлаққап",6,180000,1080000
1789,"2026-06-05","Шымкент","Ноутбук",5,350000,1750000
1790,"2026-06-12","Шымкент","Телефон",8,25000,2e+05
1791,"2026-08-16","Шымкент","Телефон",3,350000,1050000
1792,"2026-03-04","Ақтөбе","Құлаққап",1,350000,350000
1793,"2026-03-28","Қызылорда","Планшет",5,350000,1750000
1794,"2026-05-04","Алматы","Телефон",7,180000,1260000
1795,"2026-04-21","Қызылорда","Планшет",4,350000,1400000
1796,"2026-02-20","Қызылорда","Телефон",5,25000,125000
1797,"2026-02-20","Алматы","Құлаққап",3,350000,1050000
1798,"2026-02-04","Шымкент","Ноутбук",7,350000,2450000
1799,"2026-09-10","Ақтөбе","Құлаққап",4,25000,1e+05
1800,"2026-09-05","Қызылорда","Құлаққап",6,25000,150000
1801,"2026-05-18","Астана","Планшет",10,180000,1800000
1802,"2026-01-20","Ақтөбе","Ноутбук",6,180000,1080000
1803,"2026-06-09","Астана","Ноутбук",3,180000,540000
1804,"2026-03-06","Қызылорда","Планшет",6,180000,1080000
1805,"2026-02-04","Алматы","Құлаққап",8,180000,1440000
1806,"2026-05-18","Ақтөбе","Құлаққап",7,25000,175000
1807,"2026-02-28","Шымкент","Планшет",6,350000,2100000
1808,"2026-06-29","Астана","Құлаққап",10,120000,1200000
1809,"2026-07-19","Астана","Құлаққап",1,25000,25000
1810,"2026-04-27","Ақтөбе","Планшет",8,25000,2e+05
1811,"2026-06-21","Қызылорда","Құлаққап",5,180000,9e+05
1812,"2026-04-30","Алматы","Планшет",7,350000,2450000
1813,"2026-01-14","Шымкент","Планшет",2,180000,360000
1814,"2026-08-19","Астана","Планшет",7,25000,175000
1815,"2026-07-18","Алматы","Құлаққап",2,25000,50000
1816,"2026-02-02","Шымкент","Планшет",10,180000,1800000
1817,"2026-09-06","Астана","Ноутбук",8,180000,1440000
1818,"2026-02-20","Алматы","Телефон",7,350000,2450000
1819,"2026-01-08","Астана","Планшет",10,25000,250000
1820,"2026-07-21","Шымкент","Планшет",6,350000,2100000
1821,"2026-09-02","Алматы","Планшет",6,180000,1080000
1822,"2026-03-17","Астана","Планшет",3,120000,360000
1823,"2026-06-06","Шымкент","Ноутбук",9,180000,1620000
1824,"2026-07-15","Ақтөбе","Планшет",8,25000,2e+05
1825,"2026-01-04","Ақтөбе","Планшет",10,350000,3500000
1826,"2026-07-13","Алматы","Планшет",7,120000,840000
1827,"2026-04-17","Астана","Планшет",2,25000,50000
1828,"2026-05-03","Астана","Ноутбук",10,350000,3500000
1829,"2026-02-22","Шымкент","Телефон",10,25000,250000
1830,"2026-02-12","Ақтөбе","Ноутбук",1,120000,120000
1831,"2026-07-29","Алматы","Құлаққап",4,120000,480000
1832,"2026-02-07","Астана","Ноутбук",8,120000,960000
1833,"2026-02-13","Ақтөбе","Құлаққап",7,25000,175000
1834,"2026-06-24","Ақтөбе","Ноутбук",8,25000,2e+05
1835,"2026-06-21","Қызылорда","Құлаққап",8,350000,2800000
1836,"2026-04-13","Қызылорда","Телефон",3,25000,75000
1837,"2026-03-26","Алматы","Ноутбук",10,25000,250000
1838,"2026-04-25","Астана","Телефон",7,120000,840000
1839,"2026-08-02","Шымкент","Құлаққап",5,25000,125000
1840,"2026-08-11","Алматы","Планшет",5,180000,9e+05
1841,"2026-07-20","Шымкент","Телефон",1,350000,350000
1842,"2026-05-02","Астана","Ноутбук",10,120000,1200000
1843,"2026-08-23","Астана","Планшет",9,25000,225000
1844,"2026-02-14","Алматы","Планшет",3,25000,75000
1845,"2026-05-24","Ақтөбе","Телефон",9,25000,225000
1846,"2026-01-21","Астана","Телефон",2,120000,240000
1847,"2026-01-19","Астана","Ноутбук",8,180000,1440000
1848,"2026-09-08","Қызылорда","Ноутбук",1,180000,180000
1849,"2026-01-14","Астана","Ноутбук",8,350000,2800000
1850,"2026-03-21","Қызылорда","Ноутбук",4,180000,720000
1851,"2026-08-09","Шымкент","Телефон",3,25000,75000
1852,"2026-01-27","Алматы","Телефон",5,180000,9e+05
1853,"2026-07-15","Ақтөбе","Планшет",10,180000,1800000
1854,"2026-07-22","Ақтөбе","Ноутбук",2,350000,7e+05
1855,"2026-09-13","Шымкент","Планшет",3,350000,1050000
1856,"2026-02-02","Шымкент","Планшет",8,350000,2800000
1857,"2026-04-24","Астана","Ноутбук",7,25000,175000
1858,"2026-09-20","Астана","Ноутбук",5,25000,125000
1859,"2026-03-04","Шымкент","Ноутбук",6,180000,1080000
1860,"2026-06-26","Шымкент","Құлаққап",8,25000,2e+05
1861,"2026-09-15","Қызылорда","Планшет",4,180000,720000
1862,"2026-01-16","Қызылорда","Планшет",8,25000,2e+05
1863,"2026-08-20","Астана","Планшет",3,180000,540000
1864,"2026-01-30","Шымкент","Ноутбук",8,25000,2e+05
1865,"2026-07-22","Шымкент","Планшет",3,350000,1050000
1866,"2026-09-22","Астана","Телефон",7,120000,840000
1867,"2026-04-17","Алматы","Ноутбук",10,350000,3500000
1868,"2026-01-06","Алматы","Планшет",2,120000,240000
1869,"2026-08-10","Қызылорда","Телефон",4,25000,1e+05
1870,"2026-01-07","Астана","Құлаққап",10,120000,1200000
1871,"2026-05-05","Шымкент","Құлаққап",4,180000,720000
1872,"2026-07-29","Ақтөбе","Телефон",1,180000,180000
1873,"2026-08-09","Ақтөбе","Планшет",9,120000,1080000
1874,"2026-01-20","Қызылорда","Ноутбук",5,180000,9e+05
1875,"2026-05-24","Ақтөбе","Планшет",7,25000,175000
1876,"2026-09-27","Шымкент","Телефон",7,350000,2450000
1877,"2026-04-24","Ақтөбе","Ноутбук",10,120000,1200000
1878,"2026-07-14","Ақтөбе","Құлаққап",3,120000,360000
1879,"2026-07-09","Шымкент","Планшет",5,180000,9e+05
1880,"2026-01-12","Қызылорда","Телефон",3,120000,360000
1881,"2026-08-09","Қызылорда","Ноутбук",1,120000,120000
1882,"2026-09-17","Алматы","Телефон",8,120000,960000
1883,"2026-05-01","Шымкент","Құлаққап",5,350000,1750000
1884,"2026-05-18","Ақтөбе","Ноутбук",9,180000,1620000
1885,"2026-01-29","Ақтөбе","Құлаққап",2,120000,240000
1886,"2026-03-10","Астана","Ноутбук",10,25000,250000
1887,"2026-07-15","Алматы","Телефон",3,350000,1050000
1888,"2026-07-26","Астана","Ноутбук",5,120000,6e+05
1889,"2026-02-19","Алматы","Планшет",5,350000,1750000
1890,"2026-08-28","Ақтөбе","Құлаққап",9,180000,1620000
1891,"2026-06-27","Ақтөбе","Планшет",4,180000,720000
1892,"2026-06-28","Қызылорда","Телефон",4,350000,1400000
1893,"2026-02-28","Алматы","Ноутбук",4,350000,1400000
1894,"2026-09-02","Астана","Планшет",9,25000,225000
1895,"2026-01-04","Астана","Планшет",9,350000,3150000
1896,"2026-06-15","Қызылорда","Құлаққап",10,25000,250000
1897,"2026-03-31","Ақтөбе","Телефон",2,25000,50000
1898,"2026-09-20","Астана","Телефон",7,25000,175000
1899,"2026-02-15","Ақтөбе","Телефон",8,120000,960000
1900,"2026-02-28","Қызылорда","Құлаққап",1,180000,180000
1901,"2026-04-03","Алматы","Планшет",8,350000,2800000
1902,"2026-06-13","Ақтөбе","Ноутбук",8,25000,2e+05
1903,"2026-07-20","Астана","Планшет",1,25000,25000
1904,"2026-01-31","Ақтөбе","Ноутбук",2,25000,50000
1905,"2026-09-01","Шымкент","Ноутбук",1,180000,180000
1906,"2026-04-30","Алматы","Телефон",1,180000,180000
1907,"2026-07-26","Шымкент","Планшет",3,120000,360000
1908,"2026-04-05","Алматы","Ноутбук",5,180000,9e+05
1909,"2026-06-25","Шымкент","Құлаққап",8,25000,2e+05
1910,"2026-03-04","Астана","Ноутбук",4,180000,720000
1911,"2026-03-17","Алматы","Планшет",2,180000,360000
1912,"2026-02-28","Қызылорда","Құлаққап",5,120000,6e+05
1913,"2026-02-15","Шымкент","Телефон",5,120000,6e+05
1914,"2026-09-07","Ақтөбе","Ноутбук",7,180000,1260000
1915,"2026-06-02","Шымкент","Планшет",3,350000,1050000
1916,"2026-06-06","Шымкент","Құлаққап",6,120000,720000
1917,"2026-03-11","Ақтөбе","Планшет",7,120000,840000
1918,"2026-06-03","Қызылорда","Ноутбук",3,350000,1050000
1919,"2026-07-04","Ақтөбе","Телефон",2,120000,240000
1920,"2026-04-30","Ақтөбе","Телефон",8,180000,1440000
1921,"2026-08-18","Астана","Телефон",10,350000,3500000
1922,"2026-02-11","Қызылорда","Құлаққап",10,350000,3500000
1923,"2026-09-02","Ақтөбе","Планшет",8,120000,960000
1924,"2026-08-16","Қызылорда","Планшет",4,350000,1400000
1925,"2026-03-27","Шымкент","Планшет",10,25000,250000
1926,"2026-05-30","Алматы","Телефон",3,25000,75000
1927,"2026-04-13","Қызылорда","Ноутбук",7,350000,2450000
1928,"2026-03-05","Қызылорда","Телефон",1,25000,25000
1929,"2026-09-15","Шымкент","Планшет",6,25000,150000
1930,"2026-04-03","Алматы","Құлаққап",2,120000,240000
1931,"2026-06-30","Алматы","Ноутбук",5,120000,6e+05
1932,"2026-06-24","Қызылорда","Құлаққап",4,350000,1400000
1933,"2026-01-15","Қызылорда","Планшет",9,350000,3150000
1934,"2026-05-07","Қызылорда","Құлаққап",5,25000,125000
1935,"2026-02-19","Алматы","Ноутбук",5,25000,125000
1936,"2026-07-31","Ақтөбе","Телефон",10,25000,250000
1937,"2026-07-24","Астана","Құлаққап",2,120000,240000
1938,"2026-04-30","Астана","Планшет",8,350000,2800000
1939,"2026-08-27","Ақтөбе","Телефон",8,120000,960000
1940,"2026-01-16","Қызылорда","Телефон",9,120000,1080000
1941,"2026-03-26","Ақтөбе","Ноутбук",5,180000,9e+05
1942,"2026-05-11","Астана","Құлаққап",8,350000,2800000
1943,"2026-05-07","Алматы","Құлаққап",10,25000,250000
1944,"2026-09-07","Шымкент","Құлаққап",9,180000,1620000
1945,"2026-02-08","Қызылорда","Телефон",1,180000,180000
1946,"2026-03-28","Астана","Планшет",6,350000,2100000
1947,"2026-07-07","Шымкент","Телефон",10,350000,3500000
1948,"2026-07-05","Астана","Телефон",7,120000,840000
1949,"2026-02-01","Шымкент","Құлаққап",8,350000,2800000
1950,"2026-05-11","Астана","Ноутбук",10,350000,3500000
1951,"2026-07-14","Шымкент","Телефон",8,180000,1440000
1952,"2026-01-14","Шымкент","Ноутбук",9,350000,3150000
1953,"2026-09-24","Алматы","Ноутбук",3,180000,540000
1954,"2026-02-01","Ақтөбе","Телефон",3,120000,360000
1955,"2026-01-23","Шымкент","Телефон",1,350000,350000
1956,"2026-07-16","Шымкент","Ноутбук",4,25000,1e+05
1957,"2026-06-23","Алматы","Планшет",1,120000,120000
1958,"2026-06-10","Қызылорда","Ноутбук",2,350000,7e+05
1959,"2026-06-19","Ақтөбе","Планшет",8,25000,2e+05
1960,"2026-02-14","Қызылорда","Ноутбук",7,350000,2450000
1961,"2026-09-21","Алматы","Құлаққап",2,25000,50000
1962,"2026-04-25","Алматы","Телефон",1,180000,180000
1963,"2026-04-21","Алматы","Телефон",9,25000,225000
1964,"2026-07-09","Астана","Ноутбук",5,350000,1750000
1965,"2026-01-05","Алматы","Құлаққап",5,180000,9e+05
1966,"2026-02-16","Астана","Телефон",10,180000,1800000
1967,"2026-08-16","Шымкент","Планшет",10,180000,1800000
1968,"2026-07-23","Қызылорда","Ноутбук",6,180000,1080000
1969,"2026-07-09","Алматы","Планшет",10,120000,1200000
1970,"2026-04-20","Қызылорда","Құлаққап",6,25000,150000
1971,"2026-03-21","Астана","Ноутбук",6,180000,1080000
1972,"2026-08-03","Ақтөбе","Ноутбук",6,120000,720000
1973,"2026-04-23","Алматы","Ноутбук",10,350000,3500000
1974,"2026-04-30","Алматы","Телефон",10,350000,3500000
1975,"2026-03-24","Шымкент","Телефон",9,25000,225000
1976,"2026-06-02","Қызылорда","Ноутбук",5,350000,1750000
1977,"2026-05-15","Алматы","Құлаққап",6,120000,720000
1978,"2026-07-27","Қызылорда","Планшет",9,120000,1080000
1979,"2026-07-27","Шымкент","Ноутбук",6,180000,1080000
1980,"2026-04-24","Шымкент","Ноутбук",8,180000,1440000
1981,"2026-02-13","Ақтөбе","Телефон",3,180000,540000
1982,"2026-03-26","Алматы","Планшет",8,120000,960000
1983,"2026-09-20","Қызылорда","Планшет",7,350000,2450000
1984,"2026-03-26","Ақтөбе","Телефон",3,180000,540000
1985,"2026-06-17","Алматы","Құлаққап",7,350000,2450000
1986,"2026-01-31","Алматы","Планшет",10,350000,3500000
1987,"2026-08-22","Астана","Құлаққап",5,180000,9e+05
1988,"2026-06-01","Алматы","Құлаққап",10,120000,1200000
1989,"2026-02-07","Қызылорда","Құлаққап",9,180000,1620000
1990,"2026-05-16","Алматы","Құлаққап",4,180000,720000
1991,"2026-01-20","Шымкент","Ноутбук",4,350000,1400000
1992,"2026-04-20","Қызылорда","Ноутбук",6,25000,150000
1993,"2026-07-16","Ақтөбе","Телефон",9,120000,1080000
1994,"2026-02-28","Қызылорда","Ноутбук",6,25000,150000
1995,"2026-08-13","Шымкент","Планшет",7,350000,2450000
1996,"2026-07-30","Қызылорда","Телефон",1,350000,350000
1997,"2026-01-05","Шымкент","Телефон",7,180000,1260000
1998,"2026-04-19","Астана","Телефон",3,120000,360000
1999,"2026-03-31","Ақтөбе","Ноутбук",10,25000,250000
2000,"2026-05-05","Қызылорда","Құлаққап",8,25000,2e+05
2001,"2026-07-10","Қызылорда","Құлаққап",7,180000,1260000
2002,"2026-07-12","Қызылорда","Ноутбук",2,350000,7e+05
2003,"2026-04-26","Шымкент","Планшет",4,180000,720000
2004,"2026-01-24","Астана","Планшет",6,120000,720000
2005,"2026-07-06","Алматы","Телефон",6,350000,2100000
2006,"2026-05-03","Қызылорда","Құлаққап",1,120000,120000
2007,"2026-05-28","Шымкент","Планшет",4,180000,720000
2008,"2026-04-06","Шымкент","Планшет",5,25000,125000
2009,"2026-03-07","Астана","Ноутбук",6,180000,1080000
2010,"2026-06-08","Алматы","Планшет",3,350000,1050000
2011,"2026-03-21","Ақтөбе","Планшет",1,180000,180000
2012,"2026-08-08","Шымкент","Телефон",10,180000,1800000
2013,"2026-09-18","Шымкент","Құлаққап",6,350000,2100000
2014,"2026-05-29","Ақтөбе","Планшет",1,25000,25000
2015,"2026-04-29","Астана","Ноутбук",8,25000,2e+05
2016,"2026-06-01","Шымкент","Телефон",10,120000,1200000
2017,"2026-04-28","Қызылорда","Телефон",10,120000,1200000
2018,"2026-02-18","Қызылорда","Телефон",8,350000,2800000
2019,"2026-03-21","Қызылорда","Құлаққап",2,350000,7e+05
2020,"2026-03-20","Ақтөбе","Құлаққап",8,350000,2800000
2021,"2026-08-13","Қызылорда","Құлаққап",2,25000,50000
2022,"2026-06-08","Қызылорда","Планшет",4,120000,480000
2023,"2026-07-17","Қызылорда","Планшет",4,25000,1e+05
2024,"2026-07-30","Ақтөбе","Ноутбук",6,120000,720000
2025,"2026-04-29","Алматы","Құлаққап",5,180000,9e+05
2026,"2026-07-22","Шымкент","Телефон",3,180000,540000
2027,"2026-02-16","Астана","Планшет",4,120000,480000
2028,"2026-02-20","Шымкент","Ноутбук",9,120000,1080000
2029,"2026-09-14","Ақтөбе","Телефон",1,25000,25000
2030,"2026-08-29","Қызылорда","Планшет",8,120000,960000
2031,"2026-04-14","Шымкент","Ноутбук",5,25000,125000
2032,"2026-05-12","Ақтөбе","Құлаққап",5,180000,9e+05
2033,"2026-09-04","Астана","Ноутбук",4,120000,480000
2034,"2026-09-24","Алматы","Планшет",8,120000,960000
2035,"2026-02-12","Шымкент","Планшет",6,350000,2100000
2036,"2026-08-25","Шымкент","Құлаққап",2,180000,360000
2037,"2026-02-04","Алматы","Ноутбук",4,120000,480000
2038,"2026-05-05","Шымкент","Планшет",4,180000,720000
2039,"2026-06-19","Қызылорда","Планшет",9,25000,225000
2040,"2026-02-25","Қызылорда","Телефон",6,180000,1080000
2041,"2026-03-01","Шымкент","Телефон",10,25000,250000
2042,"2026-08-14","Қызылорда","Планшет",5,25000,125000
2043,"2026-03-21","Астана","Құлаққап",3,25000,75000
2044,"2026-07-07","Қызылорда","Телефон",9,25000,225000
2045,"2026-08-02","Алматы","Құлаққап",5,25000,125000
2046,"2026-04-23","Астана","Ноутбук",6,350000,2100000
2047,"2026-07-09","Шымкент","Телефон",10,120000,1200000
2048,"2026-04-25","Астана","Құлаққап",3,350000,1050000
2049,"2026-07-16","Астана","Телефон",7,25000,175000
2050,"2026-09-11","Ақтөбе","Құлаққап",4,120000,480000
2051,"2026-05-25","Шымкент","Телефон",3,120000,360000
2052,"2026-07-12","Алматы","Планшет",2,120000,240000
2053,"2026-05-08","Қызылорда","Планшет",7,180000,1260000
2054,"2026-04-10","Ақтөбе","Құлаққап",2,120000,240000
2055,"2026-09-04","Ақтөбе","Ноутбук",9,25000,225000
2056,"2026-09-10","Шымкент","Ноутбук",7,25000,175000
2057,"2026-02-07","Алматы","Құлаққап",10,120000,1200000
2058,"2026-07-20","Алматы","Планшет",2,25000,50000
2059,"2026-02-02","Астана","Ноутбук",10,180000,1800000
2060,"2026-03-01","Ақтөбе","Телефон",5,120000,6e+05
2061,"2026-08-03","Алматы","Құлаққап",3,120000,360000
2062,"2026-06-12","Шымкент","Телефон",2,120000,240000
2063,"2026-03-07","Қызылорда","Ноутбук",2,25000,50000
2064,"2026-08-02","Ақтөбе","Ноутбук",6,350000,2100000
2065,"2026-04-24","Қызылорда","Планшет",8,120000,960000
2066,"2026-05-29","Ақтөбе","Ноутбук",6,25000,150000
2067,"2026-08-14","Астана","Телефон",9,180000,1620000
2068,"2026-09-18","Шымкент","Құлаққап",8,350000,2800000
2069,"2026-02-16","Шымкент","Ноутбук",9,180000,1620000
2070,"2026-08-03","Ақтөбе","Құлаққап",7,25000,175000
2071,"2026-07-26","Қызылорда","Телефон",4,180000,720000
2072,"2026-06-22","Астана","Телефон",1,120000,120000
2073,"2026-05-14","Астана","Ноутбук",9,180000,1620000
2074,"2026-03-11","Астана","Құлаққап",10,120000,1200000
2075,"2026-05-16","Астана","Құлаққап",7,25000,175000
2076,"2026-08-31","Ақтөбе","Ноутбук",6,350000,2100000
2077,"2026-05-27","Алматы","Телефон",4,350000,1400000
2078,"2026-08-15","Шымкент","Құлаққап",2,180000,360000
2079,"2026-01-20","Қызылорда","Планшет",4,120000,480000
2080,"2026-05-29","Алматы","Планшет",1,25000,25000
2081,"2026-04-24","Шымкент","Планшет",9,120000,1080000
2082,"2026-08-07","Қызылорда","Ноутбук",3,25000,75000
2083,"2026-08-29","Қызылорда","Планшет",3,120000,360000
2084,"2026-09-08","Ақтөбе","Құлаққап",4,120000,480000
2085,"2026-09-16","Шымкент","Ноутбук",9,120000,1080000
2086,"2026-04-15","Ақтөбе","Құлаққап",5,350000,1750000
2087,"2026-04-15","Шымкент","Телефон",7,350000,2450000
2088,"2026-07-25","Алматы","Телефон",3,25000,75000
2089,"2026-03-11","Ақтөбе","Ноутбук",8,25000,2e+05
2090,"2026-02-27","Ақтөбе","Ноутбук",5,350000,1750000
2091,"2026-09-01","Астана","Құлаққап",6,350000,2100000
2092,"2026-05-17","Алматы","Ноутбук",7,120000,840000
2093,"2026-09-21","Ақтөбе","Телефон",8,25000,2e+05
2094,"2026-04-06","Алматы","Құлаққап",6,350000,2100000
2095,"2026-05-19","Астана","Ноутбук",7,350000,2450000
2096,"2026-01-27","Шымкент","Құлаққап",5,25000,125000
2097,"2026-05-30","Ақтөбе","Құлаққап",1,350000,350000
2098,"2026-04-26","Ақтөбе","Ноутбук",4,350000,1400000
2099,"2026-01-26","Ақтөбе","Телефон",9,180000,1620000
2100,"2026-09-14","Астана","Планшет",9,350000,3150000
2101,"2026-04-26","Қызылорда","Ноутбук",2,180000,360000
2102,"2026-09-26","Қызылорда","Құлаққап",7,120000,840000
2103,"2026-05-16","Шымкент","Телефон",8,180000,1440000
2104,"2026-09-01","Ақтөбе","Ноутбук",4,25000,1e+05
2105,"2026-08-01","Қызылорда","Құлаққап",7,180000,1260000
2106,"2026-08-11","Ақтөбе","Телефон",1,120000,120000
2107,"2026-06-26","Ақтөбе","Ноутбук",7,120000,840000
2108,"2026-05-14","Ақтөбе","Ноутбук",10,180000,1800000
2109,"2026-05-15","Шымкент","Планшет",9,350000,3150000
2110,"2026-01-16","Ақтөбе","Телефон",9,350000,3150000
2111,"2026-01-14","Ақтөбе","Телефон",2,180000,360000
2112,"2026-04-24","Шымкент","Құлаққап",1,25000,25000
2113,"2026-01-26","Шымкент","Телефон",5,120000,6e+05
2114,"2026-01-08","Ақтөбе","Ноутбук",1,180000,180000
2115,"2026-04-22","Астана","Құлаққап",4,25000,1e+05
2116,"2026-05-18","Қызылорда","Құлаққап",8,25000,2e+05
2117,"2026-06-02","Ақтөбе","Телефон",1,25000,25000
2118,"2026-09-17","Алматы","Планшет",5,350000,1750000
2119,"2026-07-14","Астана","Ноутбук",3,180000,540000
2120,"2026-02-08","Астана","Құлаққап",2,350000,7e+05
2121,"2026-06-15","Шымкент","Ноутбук",8,180000,1440000
2122,"2026-06-28","Алматы","Құлаққап",6,120000,720000
2123,"2026-05-30","Астана","Құлаққап",10,350000,3500000
2124,"2026-01-11","Астана","Планшет",1,120000,120000
2125,"2026-03-30","Шымкент","Ноутбук",5,25000,125000
2126,"2026-07-04","Шымкент","Телефон",4,180000,720000
2127,"2026-01-24","Ақтөбе","Құлаққап",2,120000,240000
2128,"2026-07-12","Астана","Планшет",6,120000,720000
2129,"2026-07-27","Алматы","Ноутбук",8,120000,960000
2130,"2026-01-31","Ақтөбе","Телефон",8,350000,2800000
2131,"2026-06-25","Шымкент","Құлаққап",10,120000,1200000
2132,"2026-07-19","Ақтөбе","Телефон",1,180000,180000
2133,"2026-02-18","Алматы","Құлаққап",8,350000,2800000
2134,"2026-02-17","Алматы","Планшет",6,120000,720000
2135,"2026-05-22","Ақтөбе","Телефон",8,350000,2800000
2136,"2026-04-09","Алматы","Құлаққап",9,120000,1080000
2137,"2026-02-12","Ақтөбе","Телефон",4,25000,1e+05
2138,"2026-08-22","Қызылорда","Ноутбук",6,180000,1080000
2139,"2026-07-11","Шымкент","Құлаққап",5,120000,6e+05
2140,"2026-01-06","Ақтөбе","Ноутбук",10,25000,250000
2141,"2026-07-25","Астана","Құлаққап",9,25000,225000
2142,"2026-01-30","Қызылорда","Планшет",7,120000,840000
2143,"2026-02-25","Ақтөбе","Телефон",2,120000,240000
2144,"2026-02-01","Астана","Құлаққап",9,25000,225000
2145,"2026-05-04","Астана","Құлаққап",2,350000,7e+05
2146,"2026-03-29","Ақтөбе","Ноутбук",8,25000,2e+05
2147,"2026-02-12","Қызылорда","Планшет",5,120000,6e+05
2148,"2026-07-30","Ақтөбе","Құлаққап",3,120000,360000
2149,"2026-02-12","Ақтөбе","Ноутбук",8,120000,960000
2150,"2026-01-03","Ақтөбе","Планшет",10,350000,3500000
2151,"2026-06-26","Алматы","Ноутбук",2,180000,360000
2152,"2026-03-28","Астана","Құлаққап",7,350000,2450000
2153,"2026-02-25","Шымкент","Планшет",10,180000,1800000
2154,"2026-04-23","Ақтөбе","Құлаққап",1,350000,350000
2155,"2026-07-06","Алматы","Планшет",4,350000,1400000
2156,"2026-03-20","Қызылорда","Құлаққап",5,25000,125000
2157,"2026-08-06","Қызылорда","Құлаққап",7,25000,175000
2158,"2026-01-27","Қызылорда","Планшет",9,350000,3150000
2159,"2026-02-06","Ақтөбе","Планшет",5,120000,6e+05
2160,"2026-07-03","Қызылорда","Планшет",1,180000,180000
2161,"2026-03-26","Астана","Құлаққап",3,180000,540000
2162,"2026-06-04","Алматы","Ноутбук",6,350000,2100000
2163,"2026-06-10","Шымкент","Планшет",4,120000,480000
2164,"2026-01-23","Қызылорда","Планшет",5,120000,6e+05
2165,"2026-05-21","Алматы","Ноутбук",9,25000,225000
2166,"2026-06-24","Астана","Планшет",9,350000,3150000
2167,"2026-08-09","Қызылорда","Планшет",10,120000,1200000
2168,"2026-01-30","Қызылорда","Құлаққап",5,350000,1750000
2169,"2026-02-04","Шымкент","Планшет",4,350000,1400000
2170,"2026-01-21","Қызылорда","Планшет",5,350000,1750000
2171,"2026-09-25","Астана","Құлаққап",10,180000,1800000
2172,"2026-04-07","Ақтөбе","Телефон",2,25000,50000
2173,"2026-04-20","Ақтөбе","Құлаққап",4,25000,1e+05
2174,"2026-09-07","Астана","Құлаққап",3,180000,540000
2175,"2026-05-17","Алматы","Ноутбук",4,120000,480000
2176,"2026-05-12","Алматы","Телефон",3,180000,540000
2177,"2026-03-05","Шымкент","Планшет",1,25000,25000
2178,"2026-05-04","Астана","Құлаққап",10,25000,250000
2179,"2026-08-24","Алматы","Телефон",6,25000,150000
2180,"2026-05-30","Алматы","Телефон",2,180000,360000
2181,"2026-06-21","Ақтөбе","Планшет",3,180000,540000
2182,"2026-08-24","Алматы","Құлаққап",7,180000,1260000
2183,"2026-06-22","Қызылорда","Планшет",8,180000,1440000
2184,"2026-01-05","Астана","Құлаққап",3,25000,75000
2185,"2026-08-28","Шымкент","Телефон",9,180000,1620000
2186,"2026-09-18","Шымкент","Ноутбук",5,120000,6e+05
2187,"2026-09-06","Шымкент","Ноутбук",9,25000,225000
2188,"2026-06-26","Алматы","Ноутбук",8,25000,2e+05
2189,"2026-01-12","Қызылорда","Ноутбук",2,350000,7e+05
2190,"2026-09-15","Ақтөбе","Ноутбук",5,180000,9e+05
2191,"2026-03-10","Ақтөбе","Планшет",2,350000,7e+05
2192,"2026-01-04","Ақтөбе","Ноутбук",8,120000,960000
2193,"2026-08-11","Алматы","Ноутбук",5,350000,1750000
2194,"2026-01-04","Астана","Планшет",8,180000,1440000
2195,"2026-06-06","Шымкент","Планшет",2,350000,7e+05
2196,"2026-02-01","Астана","Планшет",2,120000,240000
2197,"2026-06-27","Шымкент","Планшет",6,120000,720000
2198,"2026-06-22","Ақтөбе","Құлаққап",7,180000,1260000
2199,"2026-04-19","Астана","Ноутбук",2,120000,240000
2200,"2026-09-14","Ақтөбе","Планшет",6,25000,150000
2201,"2026-06-30","Астана","Құлаққап",5,25000,125000
2202,"2026-06-26","Астана","Телефон",10,180000,1800000
2203,"2026-07-11","Алматы","Құлаққап",9,120000,1080000
2204,"2026-07-15","Астана","Ноутбук",5,25000,125000
2205,"2026-05-26","Қызылорда","Телефон",7,350000,2450000
2206,"2026-09-21","Ақтөбе","Планшет",5,25000,125000
2207,"2026-09-15","Алматы","Телефон",7,120000,840000
2208,"2026-08-31","Алматы","Планшет",3,350000,1050000
2209,"2026-04-30","Алматы","Құлаққап",9,25000,225000
2210,"2026-09-24","Алматы","Құлаққап",8,120000,960000
2211,"2026-03-27","Қызылорда","Планшет",8,25000,2e+05
2212,"2026-07-31","Астана","Планшет",10,120000,1200000
2213,"2026-03-29","Қызылорда","Ноутбук",7,180000,1260000
2214,"2026-08-16","Қызылорда","Құлаққап",7,350000,2450000
2215,"2026-08-26","Астана","Телефон",10,120000,1200000
2216,"2026-05-02","Шымкент","Ноутбук",8,350000,2800000
2217,"2026-01-05","Қызылорда","Телефон",8,180000,1440000
2218,"2026-04-15","Шымкент","Планшет",4,25000,1e+05
2219,"2026-05-31","Шымкент","Ноутбук",2,180000,360000
2220,"2026-09-12","Шымкент","Құлаққап",9,120000,1080000
2221,"2026-07-26","Қызылорда","Ноутбук",1,25000,25000
2222,"2026-04-22","Шымкент","Телефон",10,180000,1800000
2223,"2026-01-30","Шымкент","Ноутбук",10,120000,1200000
2224,"2026-09-03","Қызылорда","Ноутбук",9,180000,1620000
2225,"2026-01-12","Қызылорда","Планшет",3,350000,1050000
2226,"2026-04-14","Алматы","Планшет",7,25000,175000
2227,"2026-06-08","Ақтөбе","Ноутбук",8,120000,960000
2228,"2026-08-20","Ақтөбе","Телефон",1,350000,350000
2229,"2026-01-19","Шымкент","Планшет",7,350000,2450000
2230,"2026-01-12","Алматы","Құлаққап",6,25000,150000
2231,"2026-04-30","Алматы","Телефон",7,120000,840000
2232,"2026-03-14","Алматы","Планшет",3,120000,360000
2233,"2026-01-20","Қызылорда","Ноутбук",4,350000,1400000
2234,"2026-08-02","Қызылорда","Құлаққап",7,350000,2450000
2235,"2026-01-12","Қызылорда","Телефон",7,180000,1260000
2236,"2026-04-15","Қызылорда","Планшет",2,180000,360000
2237,"2026-05-20","Ақтөбе","Құлаққап",8,120000,960000
2238,"2026-06-21","Алматы","Планшет",8,180000,1440000
2239,"2026-03-09","Алматы","Құлаққап",9,350000,3150000
2240,"2026-06-18","Алматы","Ноутбук",8,25000,2e+05
2241,"2026-06-13","Шымкент","Телефон",2,350000,7e+05
2242,"2026-01-17","Алматы","Ноутбук",1,25000,25000
2243,"2026-03-28","Астана","Планшет",2,180000,360000
2244,"2026-03-11","Астана","Телефон",10,25000,250000
2245,"2026-09-12","Қызылорда","Ноутбук",7,25000,175000
2246,"2026-04-11","Астана","Ноутбук",8,120000,960000
2247,"2026-02-19","Шымкент","Планшет",5,120000,6e+05
2248,"2026-02-01","Ақтөбе","Телефон",9,120000,1080000
2249,"2026-07-09","Алматы","Телефон",7,25000,175000
2250,"2026-08-28","Алматы","Планшет",4,350000,1400000
2251,"2026-01-01","Шымкент","Телефон",6,120000,720000
2252,"2026-04-27","Қызылорда","Ноутбук",10,25000,250000
2253,"2026-07-30","Алматы","Ноутбук",8,25000,2e+05
2254,"2026-03-30","Қызылорда","Ноутбук",2,180000,360000
2255,"2026-04-05","Астана","Телефон",2,120000,240000
2256,"2026-08-13","Ақтөбе","Құлаққап",4,180000,720000
2257,"2026-04-06","Шымкент","Планшет",8,25000,2e+05
2258,"2026-01-01","Қызылорда","Ноутбук",7,350000,2450000
2259,"2026-02-12","Алматы","Құлаққап",5,350000,1750000
2260,"2026-06-11","Шымкент","Құлаққап",10,350000,3500000
2261,"2026-09-21","Астана","Телефон",10,120000,1200000
2262,"2026-07-04","Алматы","Ноутбук",1,120000,120000
2263,"2026-03-01","Қызылорда","Планшет",5,25000,125000
2264,"2026-09-15","Қызылорда","Ноутбук",2,25000,50000
2265,"2026-02-02","Астана","Телефон",4,25000,1e+05
2266,"2026-01-31","Алматы","Ноутбук",5,180000,9e+05
2267,"2026-06-19","Алматы","Телефон",4,120000,480000
2268,"2026-06-29","Астана","Құлаққап",6,180000,1080000
2269,"2026-08-28","Қызылорда","Ноутбук",2,25000,50000
2270,"2026-01-07","Алматы","Құлаққап",10,350000,3500000
2271,"2026-06-07","Астана","Ноутбук",9,350000,3150000
2272,"2026-04-22","Қызылорда","Құлаққап",3,120000,360000
2273,"2026-07-25","Алматы","Ноутбук",5,350000,1750000
2274,"2026-08-09","Алматы","Ноутбук",7,25000,175000
2275,"2026-07-25","Алматы","Телефон",9,25000,225000
2276,"2026-04-07","Астана","Құлаққап",10,120000,1200000
2277,"2026-06-28","Астана","Құлаққап",7,120000,840000
2278,"2026-09-03","Астана","Телефон",6,25000,150000
2279,"2026-06-04","Астана","Телефон",3,350000,1050000
2280,"2026-08-09","Алматы","Ноутбук",4,120000,480000
2281,"2026-02-21","Ақтөбе","Планшет",1,350000,350000
2282,"2026-01-28","Қызылорда","Планшет",4,180000,720000
2283,"2026-04-22","Шымкент","Ноутбук",8,120000,960000
2284,"2026-03-12","Ақтөбе","Ноутбук",9,25000,225000
2285,"2026-03-23","Шымкент","Құлаққап",9,180000,1620000
2286,"2026-05-02","Алматы","Ноутбук",10,180000,1800000
2287,"2026-03-30","Ақтөбе","Телефон",4,120000,480000
2288,"2026-07-01","Шымкент","Телефон",1,180000,180000
2289,"2026-08-03","Алматы","Ноутбук",4,180000,720000
2290,"2026-05-12","Алматы","Телефон",8,25000,2e+05
2291,"2026-08-10","Шымкент","Құлаққап",7,120000,840000
2292,"2026-02-09","Ақтөбе","Ноутбук",1,180000,180000
2293,"2026-04-29","Астана","Планшет",4,25000,1e+05
2294,"2026-04-18","Алматы","Планшет",2,180000,360000
2295,"2026-04-23","Астана","Құлаққап",10,180000,1800000
2296,"2026-06-07","Астана","Ноутбук",3,350000,1050000
2297,"2026-07-19","Астана","Телефон",3,350000,1050000
2298,"2026-06-08","Астана","Ноутбук",10,350000,3500000
2299,"2026-04-12","Ақтөбе","Құлаққап",6,350000,2100000
2300,"2026-04-11","Ақтөбе","Құлаққап",1,180000,180000
2301,"2026-04-10","Шымкент","Телефон",7,180000,1260000
2302,"2026-03-27","Шымкент","Құлаққап",7,180000,1260000
2303,"2026-04-16","Алматы","Телефон",1,350000,350000
2304,"2026-04-09","Алматы","Планшет",1,25000,25000
2305,"2026-05-07","Ақтөбе","Құлаққап",8,25000,2e+05
2306,"2026-02-11","Қызылорда","Құлаққап",7,120000,840000
2307,"2026-04-08","Ақтөбе","Құлаққап",3,120000,360000
2308,"2026-05-23","Ақтөбе","Планшет",10,25000,250000
2309,"2026-07-21","Астана","Планшет",4,350000,1400000
2310,"2026-02-07","Астана","Телефон",1,25000,25000
2311,"2026-01-06","Шымкент","Телефон",7,180000,1260000
2312,"2026-05-17","Астана","Ноутбук",8,180000,1440000
2313,"2026-04-03","Астана","Телефон",9,180000,1620000
2314,"2026-09-10","Шымкент","Құлаққап",2,25000,50000
2315,"2026-07-10","Астана","Ноутбук",6,180000,1080000
2316,"2026-02-01","Алматы","Ноутбук",1,180000,180000
2317,"2026-07-25","Ақтөбе","Ноутбук",9,120000,1080000
2318,"2026-07-20","Алматы","Планшет",3,350000,1050000
2319,"2026-06-25","Ақтөбе","Телефон",4,120000,480000
2320,"2026-04-14","Шымкент","Планшет",10,120000,1200000
2321,"2026-05-18","Қызылорда","Телефон",9,350000,3150000
2322,"2026-04-10","Астана","Құлаққап",8,25000,2e+05
2323,"2026-07-26","Қызылорда","Планшет",3,180000,540000
2324,"2026-06-21","Шымкент","Құлаққап",5,120000,6e+05
2325,"2026-05-23","Шымкент","Құлаққап",10,350000,3500000
2326,"2026-07-07","Ақтөбе","Телефон",9,120000,1080000
2327,"2026-07-05","Астана","Телефон",3,180000,540000
2328,"2026-03-31","Қызылорда","Планшет",7,120000,840000
2329,"2026-04-16","Астана","Құлаққап",1,350000,350000
2330,"2026-01-28","Алматы","Құлаққап",3,350000,1050000
2331,"2026-07-25","Ақтөбе","Құлаққап",8,120000,960000
2332,"2026-04-30","Қызылорда","Ноутбук",9,180000,1620000
2333,"2026-09-04","Ақтөбе","Планшет",10,25000,250000
2334,"2026-05-14","Қызылорда","Құлаққап",6,25000,150000
2335,"2026-08-30","Астана","Ноутбук",5,180000,9e+05
2336,"2026-02-27","Астана","Құлаққап",4,25000,1e+05
2337,"2026-03-26","Шымкент","Планшет",3,350000,1050000
2338,"2026-06-24","Астана","Құлаққап",1,180000,180000
2339,"2026-08-11","Шымкент","Планшет",1,350000,350000
2340,"2026-07-22","Алматы","Телефон",3,350000,1050000
2341,"2026-09-26","Алматы","Планшет",7,180000,1260000
2342,"2026-09-11","Ақтөбе","Құлаққап",4,120000,480000
2343,"2026-01-23","Астана","Құлаққап",4,350000,1400000
2344,"2026-01-31","Шымкент","Құлаққап",9,120000,1080000
2345,"2026-03-02","Шымкент","Құлаққап",4,350000,1400000
2346,"2026-03-01","Қызылорда","Құлаққап",5,180000,9e+05
2347,"2026-03-12","Ақтөбе","Құлаққап",1,120000,120000
2348,"2026-01-18","Астана","Планшет",3,120000,360000
2349,"2026-01-16","Алматы","Планшет",1,350000,350000
2350,"2026-08-01","Шымкент","Планшет",4,120000,480000
2351,"2026-02-10","Қызылорда","Телефон",5,180000,9e+05
2352,"2026-04-04","Ақтөбе","Телефон",7,25000,175000
2353,"2026-02-25","Астана","Телефон",7,180000,1260000
2354,"2026-03-14","Ақтөбе","Телефон",7,120000,840000
2355,"2026-06-20","Астана","Планшет",2,25000,50000
2356,"2026-03-14","Алматы","Құлаққап",6,25000,150000
2357,"2026-01-07","Ақтөбе","Ноутбук",7,120000,840000
2358,"2026-04-08","Шымкент","Ноутбук",8,180000,1440000
2359,"2026-08-17","Ақтөбе","Планшет",5,120000,6e+05
2360,"2026-03-23","Қызылорда","Ноутбук",7,25000,175000
2361,"2026-02-05","Шымкент","Планшет",3,180000,540000
2362,"2026-09-11","Қызылорда","Телефон",3,350000,1050000
2363,"2026-02-06","Қызылорда","Планшет",4,350000,1400000
2364,"2026-02-15","Шымкент","Ноутбук",3,25000,75000
2365,"2026-01-08","Шымкент","Ноутбук",1,180000,180000
2366,"2026-03-10","Қызылорда","Телефон",9,120000,1080000
2367,"2026-05-12","Ақтөбе","Телефон",6,25000,150000
2368,"2026-01-15","Астана","Ноутбук",3,25000,75000
2369,"2026-07-04","Қызылорда","Құлаққап",1,120000,120000
2370,"2026-08-06","Алматы","Планшет",5,350000,1750000
2371,"2026-01-15","Шымкент","Құлаққап",3,350000,1050000
2372,"2026-05-16","Алматы","Ноутбук",2,350000,7e+05
2373,"2026-01-28","Қызылорда","Телефон",9,350000,3150000
2374,"2026-08-01","Шымкент","Ноутбук",10,120000,1200000
2375,"2026-04-24","Қызылорда","Телефон",1,25000,25000
2376,"2026-09-07","Астана","Ноутбук",10,25000,250000
2377,"2026-06-02","Астана","Телефон",8,25000,2e+05
2378,"2026-09-05","Алматы","Ноутбук",10,180000,1800000
2379,"2026-09-12","Шымкент","Құлаққап",2,350000,7e+05
2380,"2026-08-04","Қызылорда","Ноутбук",7,25000,175000
2381,"2026-07-11","Астана","Планшет",7,120000,840000
2382,"2026-09-09","Алматы","Ноутбук",1,25000,25000
2383,"2026-07-21","Ақтөбе","Ноутбук",1,350000,350000
2384,"2026-06-14","Шымкент","Телефон",7,350000,2450000
2385,"2026-01-16","Қызылорда","Құлаққап",8,120000,960000
2386,"2026-06-27","Қызылорда","Құлаққап",5,25000,125000
2387,"2026-06-14","Астана","Телефон",9,25000,225000
2388,"2026-08-30","Ақтөбе","Құлаққап",7,350000,2450000
2389,"2026-02-27","Қызылорда","Планшет",10,180000,1800000
2390,"2026-05-09","Шымкент","Телефон",10,120000,1200000
2391,"2026-05-05","Қызылорда","Планшет",1,180000,180000
2392,"2026-05-26","Шымкент","Планшет",1,25000,25000
2393,"2026-08-05","Алматы","Құлаққап",9,350000,3150000
2394,"2026-04-27","Ақтөбе","Планшет",1,350000,350000
2395,"2026-06-13","Астана","Ноутбук",3,350000,1050000
2396,"2026-05-29","Шымкент","Планшет",6,350000,2100000
2397,"2026-06-26","Астана","Телефон",5,350000,1750000
2398,"2026-02-24","Шымкент","Телефон",5,180000,9e+05
2399,"2026-08-21","Алматы","Телефон",4,350000,1400000
2400,"2026-03-02","Қызылорда","Телефон",8,180000,1440000
2401,"2026-09-16","Ақтөбе","Телефон",6,25000,150000
2402,"2026-04-28","Алматы","Құлаққап",5,180000,9e+05
2403,"2026-05-06","Ақтөбе","Құлаққап",4,25000,1e+05
2404,"2026-07-03","Шымкент","Ноутбук",10,25000,250000
2405,"2026-08-31","Алматы","Телефон",3,120000,360000
2406,"2026-03-05","Алматы","Планшет",4,120000,480000
2407,"2026-05-20","Шымкент","Телефон",8,25000,2e+05
2408,"2026-05-03","Ақтөбе","Құлаққап",3,120000,360000
2409,"2026-06-08","Алматы","Планшет",2,350000,7e+05
2410,"2026-02-01","Астана","Телефон",3,350000,1050000
2411,"2026-05-08","Астана","Планшет",6,350000,2100000
2412,"2026-04-18","Қызылорда","Құлаққап",9,25000,225000
2413,"2026-07-28","Қызылорда","Ноутбук",10,25000,250000
2414,"2026-06-21","Қызылорда","Планшет",2,180000,360000
2415,"2026-09-06","Астана","Телефон",6,180000,1080000
2416,"2026-08-19","Астана","Құлаққап",5,120000,6e+05
2417,"2026-02-17","Қызылорда","Ноутбук",2,350000,7e+05
2418,"2026-05-03","Астана","Құлаққап",10,120000,1200000
2419,"2026-05-18","Қызылорда","Телефон",6,120000,720000
2420,"2026-07-29","Қызылорда","Ноутбук",3,180000,540000
2421,"2026-08-06","Ақтөбе","Құлаққап",3,180000,540000
2422,"2026-08-04","Астана","Ноутбук",7,350000,2450000
2423,"2026-09-14","Ақтөбе","Планшет",6,350000,2100000
2424,"2026-03-19","Ақтөбе","Құлаққап",10,25000,250000
2425,"2026-01-31","Шымкент","Ноутбук",4,350000,1400000
2426,"2026-02-14","Алматы","Құлаққап",6,120000,720000
2427,"2026-09-24","Ақтөбе","Ноутбук",6,350000,2100000
2428,"2026-04-21","Астана","Телефон",4,350000,1400000
2429,"2026-07-23","Қызылорда","Құлаққап",10,180000,1800000
2430,"2026-03-29","Шымкент","Телефон",7,350000,2450000
2431,"2026-02-07","Алматы","Құлаққап",5,25000,125000
2432,"2026-03-14","Астана","Телефон",8,180000,1440000
2433,"2026-05-03","Астана","Планшет",7,120000,840000
2434,"2026-07-22","Астана","Құлаққап",8,350000,2800000
2435,"2026-01-03","Ақтөбе","Ноутбук",3,180000,540000
2436,"2026-02-03","Ақтөбе","Ноутбук",4,25000,1e+05
2437,"2026-03-21","Астана","Телефон",2,120000,240000
2438,"2026-06-23","Ақтөбе","Телефон",5,120000,6e+05
2439,"2026-03-25","Ақтөбе","Құлаққап",2,350000,7e+05
2440,"2026-05-02","Ақтөбе","Ноутбук",2,350000,7e+05
2441,"2026-03-25","Астана","Планшет",4,25000,1e+05
2442,"2026-08-11","Алматы","Планшет",1,120000,120000
2443,"2026-03-10","Астана","Телефон",4,120000,480000
2444,"2026-08-07","Ақтөбе","Планшет",6,25000,150000
2445,"2026-06-06","Ақтөбе","Құлаққап",3,350000,1050000
2446,"2026-05-17","Қызылорда","Құлаққап",8,350000,2800000
2447,"2026-02-22","Ақтөбе","Ноутбук",9,350000,3150000
2448,"2026-02-06","Астана","Планшет",3,120000,360000
2449,"2026-03-23","Астана","Құлаққап",8,180000,1440000
2450,"2026-06-11","Қызылорда","Ноутбук",3,25000,75000
2451,"2026-03-30","Қызылорда","Телефон",4,25000,1e+05
2452,"2026-01-08","Ақтөбе","Планшет",3,25000,75000
2453,"2026-06-08","Ақтөбе","Телефон",5,120000,6e+05
2454,"2026-04-16","Қызылорда","Телефон",3,350000,1050000
2455,"2026-02-10","Алматы","Құлаққап",1,120000,120000
2456,"2026-08-17","Қызылорда","Ноутбук",4,350000,1400000
2457,"2026-02-05","Алматы","Ноутбук",9,120000,1080000
2458,"2026-02-12","Астана","Ноутбук",9,25000,225000
2459,"2026-07-25","Алматы","Планшет",5,180000,9e+05
2460,"2026-04-25","Астана","Құлаққап",9,120000,1080000
2461,"2026-05-12","Алматы","Планшет",5,120000,6e+05
2462,"2026-03-22","Қызылорда","Планшет",3,180000,540000
2463,"2026-04-21","Алматы","Құлаққап",5,350000,1750000
2464,"2026-06-27","Шымкент","Ноутбук",2,350000,7e+05
2465,"2026-01-10","Шымкент","Планшет",6,120000,720000
2466,"2026-08-13","Қызылорда","Планшет",1,120000,120000
2467,"2026-07-24","Алматы","Планшет",10,180000,1800000
2468,"2026-04-08","Қызылорда","Телефон",6,180000,1080000
2469,"2026-09-06","Алматы","Телефон",4,350000,1400000
2470,"2026-02-03","Ақтөбе","Телефон",10,120000,1200000
2471,"2026-01-14","Ақтөбе","Планшет",6,120000,720000
2472,"2026-08-27","Қызылорда","Құлаққап",4,120000,480000
2473,"2026-08-16","Ақтөбе","Телефон",2,25000,50000
2474,"2026-02-13","Ақтөбе","Ноутбук",7,25000,175000
2475,"2026-03-24","Астана","Құлаққап",10,180000,1800000
2476,"2026-04-20","Алматы","Ноутбук",1,350000,350000
2477,"2026-02-12","Ақтөбе","Планшет",10,25000,250000
2478,"2026-08-14","Астана","Құлаққап",3,120000,360000
2479,"2026-09-03","Шымкент","Планшет",5,350000,1750000
2480,"2026-08-18","Шымкент","Ноутбук",8,120000,960000
2481,"2026-05-03","Алматы","Телефон",8,25000,2e+05
2482,"2026-04-08","Қызылорда","Телефон",7,350000,2450000
2483,"2026-05-16","Ақтөбе","Құлаққап",8,180000,1440000
2484,"2026-02-06","Шымкент","Планшет",9,180000,1620000
2485,"2026-01-08","Шымкент","Құлаққап",6,120000,720000
2486,"2026-04-25","Алматы","Құлаққап",6,25000,150000
2487,"2026-03-13","Астана","Құлаққап",4,180000,720000
2488,"2026-06-10","Астана","Планшет",2,25000,50000
2489,"2026-01-07","Ақтөбе","Планшет",3,25000,75000
2490,"2026-05-07","Ақтөбе","Құлаққап",5,180000,9e+05
2491,"2026-03-13","Ақтөбе","Телефон",9,180000,1620000
2492,"2026-09-21","Қызылорда","Планшет",1,350000,350000
2493,"2026-05-09","Астана","Телефон",3,180000,540000
2494,"2026-09-05","Шымкент","Ноутбук",8,350000,2800000
2495,"2026-02-26","Шымкент","Планшет",6,25000,150000
2496,"2026-01-17","Шымкент","Планшет",3,180000,540000
2497,"2026-09-21","Алматы","Ноутбук",1,120000,120000
2498,"2026-01-12","Алматы","Планшет",1,180000,180000
2499,"2026-03-11","Алматы","Телефон",1,25000,25000
2500,"2026-07-23","Алматы","Планшет",1,180000,180000
2501,"2026-02-15","Астана","Ноутбук",7,25000,175000
2502,"2026-06-27","Қызылорда","Телефон",2,180000,360000
2503,"2026-03-19","Астана","Құлаққап",8,120000,960000
2504,"2026-06-08","Астана","Планшет",5,180000,9e+05
2505,"2026-07-04","Алматы","Планшет",6,350000,2100000
2506,"2026-02-28","Ақтөбе","Телефон",1,180000,180000
2507,"2026-05-30","Астана","Планшет",10,120000,1200000
2508,"2026-08-18","Ақтөбе","Ноутбук",10,25000,250000
2509,"2026-02-01","Шымкент","Планшет",8,350000,2800000
2510,"2026-03-30","Ақтөбе","Ноутбук",9,180000,1620000
2511,"2026-01-19","Ақтөбе","Планшет",9,180000,1620000
2512,"2026-01-08","Шымкент","Планшет",8,350000,2800000
2513,"2026-03-27","Шымкент","Телефон",8,350000,2800000
2514,"2026-08-15","Қызылорда","Ноутбук",5,180000,9e+05
2515,"2026-08-12","Қызылорда","Құлаққап",3,25000,75000
2516,"2026-06-05","Шымкент","Телефон",5,120000,6e+05
2517,"2026-01-18","Шымкент","Ноутбук",4,350000,1400000
2518,"2026-07-12","Қызылорда","Ноутбук",6,350000,2100000
2519,"2026-09-09","Алматы","Телефон",9,120000,1080000
2520,"2026-06-21","Қызылорда","Құлаққап",5,120000,6e+05
2521,"2026-06-24","Шымкент","Телефон",9,180000,1620000
2522,"2026-07-17","Алматы","Телефон",10,25000,250000
2523,"2026-01-13","Ақтөбе","Телефон",9,120000,1080000
2524,"2026-01-19","Астана","Құлаққап",8,120000,960000
2525,"2026-08-16","Ақтөбе","Құлаққап",5,350000,1750000
2526,"2026-04-07","Астана","Ноутбук",5,25000,125000
2527,"2026-08-19","Астана","Құлаққап",10,350000,3500000
2528,"2026-03-22","Шымкент","Ноутбук",7,350000,2450000
2529,"2026-09-17","Шымкент","Құлаққап",4,180000,720000
2530,"2026-03-29","Шымкент","Ноутбук",6,180000,1080000
2531,"2026-02-25","Астана","Ноутбук",9,120000,1080000
2532,"2026-08-31","Ақтөбе","Планшет",1,120000,120000
2533,"2026-01-23","Ақтөбе","Ноутбук",10,120000,1200000
2534,"2026-04-24","Шымкент","Телефон",7,120000,840000
2535,"2026-03-31","Алматы","Құлаққап",9,120000,1080000
2536,"2026-05-21","Ақтөбе","Ноутбук",2,25000,50000
2537,"2026-01-05","Астана","Ноутбук",3,180000,540000
2538,"2026-05-20","Ақтөбе","Телефон",4,180000,720000
2539,"2026-06-04","Шымкент","Телефон",1,120000,120000
2540,"2026-04-20","Қызылорда","Телефон",6,180000,1080000
2541,"2026-01-10","Қызылорда","Телефон",3,180000,540000
2542,"2026-04-24","Астана","Телефон",4,120000,480000
2543,"2026-08-12","Ақтөбе","Телефон",6,120000,720000
2544,"2026-07-20","Астана","Планшет",3,25000,75000
2545,"2026-05-29","Ақтөбе","Құлаққап",9,350000,3150000
2546,"2026-04-01","Қызылорда","Ноутбук",6,25000,150000
2547,"2026-01-11","Шымкент","Құлаққап",3,180000,540000
2548,"2026-07-16","Ақтөбе","Құлаққап",8,180000,1440000
2549,"2026-06-29","Алматы","Құлаққап",2,25000,50000
2550,"2026-06-11","Астана","Ноутбук",10,25000,250000
2551,"2026-02-12","Алматы","Телефон",8,120000,960000
2552,"2026-01-19","Шымкент","Құлаққап",3,350000,1050000
2553,"2026-04-16","Ақтөбе","Планшет",3,350000,1050000
2554,"2026-03-24","Шымкент","Планшет",1,180000,180000
2555,"2026-05-17","Ақтөбе","Телефон",4,25000,1e+05
2556,"2026-04-28","Қызылорда","Құлаққап",8,120000,960000
2557,"2026-07-20","Қызылорда","Телефон",2,180000,360000
2558,"2026-07-18","Астана","Ноутбук",8,120000,960000
2559,"2026-09-10","Астана","Планшет",3,350000,1050000
2560,"2026-05-12","Қызылорда","Құлаққап",7,180000,1260000
2561,"2026-09-02","Алматы","Құлаққап",3,120000,360000
2562,"2026-03-13","Астана","Ноутбук",6,350000,2100000
2563,"2026-09-04","Алматы","Құлаққап",8,350000,2800000
2564,"2026-05-17","Астана","Планшет",10,120000,1200000
2565,"2026-04-17","Қызылорда","Құлаққап",7,350000,2450000
2566,"2026-08-12","Ақтөбе","Планшет",6,350000,2100000
2567,"2026-06-09","Астана","Құлаққап",8,350000,2800000
2568,"2026-01-16","Алматы","Телефон",6,120000,720000
2569,"2026-02-01","Қызылорда","Ноутбук",1,180000,180000
2570,"2026-06-01","Шымкент","Ноутбук",1,180000,180000
2571,"2026-01-18","Астана","Телефон",8,120000,960000
2572,"2026-04-21","Қызылорда","Планшет",6,120000,720000
2573,"2026-06-30","Шымкент","Телефон",3,350000,1050000
2574,"2026-02-08","Қызылорда","Телефон",6,120000,720000
2575,"2026-08-14","Ақтөбе","Телефон",6,180000,1080000
2576,"2026-05-14","Ақтөбе","Құлаққап",2,25000,50000
2577,"2026-04-20","Алматы","Телефон",7,25000,175000
2578,"2026-06-22","Ақтөбе","Планшет",6,25000,150000
2579,"2026-03-22","Алматы","Планшет",1,350000,350000
2580,"2026-07-26","Ақтөбе","Құлаққап",6,25000,150000
2581,"2026-09-21","Ақтөбе","Планшет",5,350000,1750000
2582,"2026-05-05","Алматы","Планшет",6,180000,1080000
2583,"2026-03-07","Ақтөбе","Құлаққап",6,350000,2100000
2584,"2026-04-24","Алматы","Планшет",4,120000,480000
2585,"2026-07-17","Шымкент","Ноутбук",9,120000,1080000
2586,"2026-06-02","Қызылорда","Телефон",5,350000,1750000
2587,"2026-09-17","Ақтөбе","Планшет",10,350000,3500000
2588,"2026-09-06","Қызылорда","Планшет",8,180000,1440000
2589,"2026-03-01","Қызылорда","Құлаққап",3,350000,1050000
2590,"2026-09-07","Қызылорда","Телефон",7,350000,2450000
2591,"2026-08-26","Қызылорда","Құлаққап",9,25000,225000
2592,"2026-07-26","Шымкент","Телефон",6,350000,2100000
2593,"2026-07-14","Алматы","Планшет",10,25000,250000
2594,"2026-03-18","Алматы","Телефон",6,120000,720000
2595,"2026-09-05","Астана","Құлаққап",10,180000,1800000
2596,"2026-08-11","Шымкент","Ноутбук",5,180000,9e+05
2597,"2026-07-23","Ақтөбе","Ноутбук",1,350000,350000
2598,"2026-02-28","Ақтөбе","Телефон",8,350000,2800000
2599,"2026-03-28","Алматы","Ноутбук",3,25000,75000
2600,"2026-01-29","Алматы","Планшет",7,350000,2450000
2601,"2026-01-25","Алматы","Ноутбук",7,25000,175000
2602,"2026-03-07","Алматы","Ноутбук",4,25000,1e+05
2603,"2026-05-19","Шымкент","Планшет",7,180000,1260000
2604,"2026-01-02","Қызылорда","Ноутбук",9,180000,1620000
2605,"2026-01-27","Астана","Ноутбук",2,25000,50000
2606,"2026-01-24","Ақтөбе","Ноутбук",4,180000,720000
2607,"2026-08-24","Астана","Құлаққап",6,120000,720000
2608,"2026-08-09","Астана","Ноутбук",3,350000,1050000
2609,"2026-01-24","Шымкент","Ноутбук",3,180000,540000
2610,"2026-09-06","Шымкент","Ноутбук",10,120000,1200000
2611,"2026-02-04","Қызылорда","Ноутбук",4,350000,1400000
2612,"2026-06-10","Ақтөбе","Ноутбук",8,120000,960000
2613,"2026-08-11","Астана","Телефон",10,180000,1800000
2614,"2026-07-16","Астана","Планшет",2,180000,360000
2615,"2026-04-09","Шымкент","Ноутбук",6,120000,720000
2616,"2026-04-01","Қызылорда","Планшет",5,120000,6e+05
2617,"2026-05-04","Алматы","Құлаққап",3,180000,540000
2618,"2026-03-01","Алматы","Телефон",2,25000,50000
2619,"2026-09-25","Шымкент","Ноутбук",3,350000,1050000
2620,"2026-08-09","Шымкент","Телефон",10,25000,250000
2621,"2026-06-03","Қызылорда","Ноутбук",8,25000,2e+05
2622,"2026-03-10","Шымкент","Телефон",8,25000,2e+05
2623,"2026-04-21","Ақтөбе","Телефон",3,25000,75000
2624,"2026-06-09","Астана","Ноутбук",6,180000,1080000
2625,"2026-09-24","Қызылорда","Құлаққап",5,25000,125000
2626,"2026-01-06","Алматы","Құлаққап",8,180000,1440000
2627,"2026-03-28","Шымкент","Планшет",9,120000,1080000
2628,"2026-07-21","Ақтөбе","Құлаққап",4,350000,1400000
2629,"2026-06-20","Ақтөбе","Құлаққап",7,120000,840000
2630,"2026-04-03","Астана","Телефон",10,25000,250000
2631,"2026-02-06","Астана","Планшет",8,350000,2800000
2632,"2026-05-07","Шымкент","Телефон",6,350000,2100000
2633,"2026-06-04","Алматы","Ноутбук",6,120000,720000
2634,"2026-01-05","Алматы","Ноутбук",8,25000,2e+05
2635,"2026-04-07","Алматы","Планшет",2,25000,50000
2636,"2026-01-31","Алматы","Құлаққап",7,120000,840000
2637,"2026-04-15","Астана","Құлаққап",10,120000,1200000
2638,"2026-05-30","Астана","Құлаққап",3,120000,360000
2639,"2026-07-07","Шымкент","Телефон",3,25000,75000
2640,"2026-03-15","Шымкент","Телефон",5,120000,6e+05
2641,"2026-03-29","Қызылорда","Ноутбук",3,25000,75000
2642,"2026-05-20","Алматы","Ноутбук",2,25000,50000
2643,"2026-09-04","Шымкент","Планшет",1,120000,120000
2644,"2026-06-12","Алматы","Телефон",2,120000,240000
2645,"2026-04-25","Ақтөбе","Телефон",1,350000,350000
2646,"2026-02-05","Қызылорда","Ноутбук",7,350000,2450000
2647,"2026-09-19","Ақтөбе","Ноутбук",4,180000,720000
2648,"2026-02-15","Ақтөбе","Планшет",7,350000,2450000
2649,"2026-04-06","Шымкент","Планшет",1,25000,25000
2650,"2026-04-15","Қызылорда","Құлаққап",2,180000,360000
2651,"2026-04-08","Шымкент","Телефон",8,25000,2e+05
2652,"2026-08-04","Шымкент","Ноутбук",3,25000,75000
2653,"2026-07-07","Қызылорда","Ноутбук",2,350000,7e+05
2654,"2026-03-17","Шымкент","Құлаққап",10,120000,1200000
2655,"2026-03-01","Қызылорда","Планшет",10,120000,1200000
2656,"2026-07-27","Қызылорда","Құлаққап",8,120000,960000
2657,"2026-08-04","Ақтөбе","Құлаққап",4,25000,1e+05
2658,"2026-06-11","Ақтөбе","Телефон",4,120000,480000
2659,"2026-04-07","Астана","Планшет",5,350000,1750000
2660,"2026-03-17","Қызылорда","Планшет",8,25000,2e+05
2661,"2026-03-02","Қызылорда","Құлаққап",10,350000,3500000
2662,"2026-07-15","Ақтөбе","Ноутбук",2,120000,240000
2663,"2026-05-15","Шымкент","Құлаққап",8,350000,2800000
2664,"2026-06-06","Астана","Ноутбук",10,25000,250000
2665,"2026-01-30","Шымкент","Құлаққап",10,120000,1200000
2666,"2026-08-12","Ақтөбе","Құлаққап",2,350000,7e+05
2667,"2026-01-09","Алматы","Планшет",10,350000,3500000
2668,"2026-06-10","Алматы","Құлаққап",5,25000,125000
2669,"2026-05-21","Ақтөбе","Құлаққап",10,25000,250000
2670,"2026-02-02","Қызылорда","Ноутбук",8,120000,960000
2671,"2026-01-29","Астана","Құлаққап",1,350000,350000
2672,"2026-07-04","Астана","Телефон",9,25000,225000
2673,"2026-02-11","Қызылорда","Планшет",2,120000,240000
2674,"2026-08-05","Қызылорда","Телефон",8,180000,1440000
2675,"2026-02-24","Алматы","Планшет",9,25000,225000
2676,"2026-06-22","Алматы","Телефон",6,25000,150000
2677,"2026-04-14","Қызылорда","Телефон",8,25000,2e+05
2678,"2026-04-26","Қызылорда","Телефон",2,350000,7e+05
2679,"2026-05-18","Астана","Планшет",6,120000,720000
2680,"2026-06-17","Алматы","Құлаққап",1,350000,350000
2681,"2026-04-30","Шымкент","Құлаққап",2,350000,7e+05
2682,"2026-03-30","Астана","Планшет",10,25000,250000
2683,"2026-05-09","Шымкент","Құлаққап",3,120000,360000
2684,"2026-06-07","Алматы","Құлаққап",2,180000,360000
2685,"2026-03-11","Шымкент","Құлаққап",4,350000,1400000
2686,"2026-06-03","Қызылорда","Телефон",1,120000,120000
2687,"2026-06-30","Астана","Телефон",9,350000,3150000
2688,"2026-07-29","Қызылорда","Телефон",5,350000,1750000
2689,"2026-04-16","Шымкент","Телефон",7,180000,1260000
2690,"2026-02-12","Шымкент","Телефон",2,350000,7e+05
2691,"2026-08-21","Қызылорда","Планшет",6,120000,720000
2692,"2026-01-19","Қызылорда","Құлаққап",10,120000,1200000
2693,"2026-06-30","Алматы","Планшет",4,120000,480000
2694,"2026-04-11","Астана","Ноутбук",9,350000,3150000
2695,"2026-02-22","Алматы","Планшет",6,350000,2100000
2696,"2026-04-17","Ақтөбе","Құлаққап",9,350000,3150000
2697,"2026-04-14","Шымкент","Телефон",9,25000,225000
2698,"2026-06-08","Ақтөбе","Телефон",6,120000,720000
2699,"2026-02-26","Қызылорда","Телефон",2,350000,7e+05
2700,"2026-08-29","Қызылорда","Ноутбук",2,180000,360000
2701,"2026-08-17","Ақтөбе","Ноутбук",9,350000,3150000
2702,"2026-04-02","Шымкент","Құлаққап",8,25000,2e+05
2703,"2026-04-06","Алматы","Телефон",9,120000,1080000
2704,"2026-02-28","Астана","Телефон",6,180000,1080000
2705,"2026-01-10","Алматы","Телефон",7,25000,175000
2706,"2026-09-21","Алматы","Телефон",3,350000,1050000
2707,"2026-02-23","Шымкент","Құлаққап",7,25000,175000
2708,"2026-01-30","Қызылорда","Ноутбук",9,180000,1620000
2709,"2026-05-29","Ақтөбе","Құлаққап",10,180000,1800000
2710,"2026-02-22","Алматы","Планшет",3,180000,540000
2711,"2026-01-17","Шымкент","Құлаққап",3,180000,540000
2712,"2026-01-15","Астана","Құлаққап",4,25000,1e+05
2713,"2026-03-19","Қызылорда","Құлаққап",9,120000,1080000
2714,"2026-09-07","Астана","Телефон",9,25000,225000
2715,"2026-05-25","Шымкент","Планшет",1,180000,180000
2716,"2026-02-12","Шымкент","Ноутбук",4,180000,720000
2717,"2026-07-06","Шымкент","Планшет",1,25000,25000
2718,"2026-03-11","Ақтөбе","Ноутбук",7,120000,840000
2719,"2026-02-05","Қызылорда","Планшет",2,350000,7e+05
2720,"2026-08-22","Астана","Ноутбук",6,120000,720000
2721,"2026-05-27","Алматы","Ноутбук",7,180000,1260000
2722,"2026-03-03","Ақтөбе","Телефон",7,120000,840000
2723,"2026-08-18","Шымкент","Телефон",6,25000,150000
2724,"2026-09-02","Астана","Құлаққап",9,120000,1080000
2725,"2026-08-16","Қызылорда","Ноутбук",9,180000,1620000
2726,"2026-07-19","Шымкент","Құлаққап",2,180000,360000
2727,"2026-07-13","Қызылорда","Планшет",9,120000,1080000
2728,"2026-08-06","Шымкент","Планшет",9,25000,225000
2729,"2026-09-07","Алматы","Ноутбук",9,350000,3150000
2730,"2026-08-14","Шымкент","Планшет",2,180000,360000
2731,"2026-01-27","Алматы","Ноутбук",1,120000,120000
2732,"2026-05-13","Алматы","Құлаққап",8,25000,2e+05
2733,"2026-01-19","Шымкент","Телефон",2,180000,360000
2734,"2026-04-04","Астана","Құлаққап",9,180000,1620000
2735,"2026-07-18","Астана","Ноутбук",5,120000,6e+05
2736,"2026-02-18","Шымкент","Планшет",1,25000,25000
2737,"2026-03-31","Қызылорда","Телефон",7,120000,840000
2738,"2026-03-24","Алматы","Телефон",3,120000,360000
2739,"2026-06-30","Қызылорда","Құлаққап",9,350000,3150000
2740,"2026-09-18","Қызылорда","Құлаққап",5,120000,6e+05
2741,"2026-01-29","Қызылорда","Құлаққап",1,350000,350000
2742,"2026-05-22","Алматы","Телефон",7,120000,840000
2743,"2026-05-22","Шымкент","Құлаққап",4,120000,480000
2744,"2026-07-30","Шымкент","Ноутбук",4,25000,1e+05
2745,"2026-08-30","Қызылорда","Ноутбук",7,25000,175000
2746,"2026-08-27","Қызылорда","Телефон",10,350000,3500000
2747,"2026-02-26","Шымкент","Телефон",8,120000,960000
2748,"2026-09-06","Астана","Планшет",8,180000,1440000
2749,"2026-03-27","Қызылорда","Планшет",2,350000,7e+05
2750,"2026-08-24","Астана","Құлаққап",1,180000,180000
2751,"2026-06-08","Қызылорда","Планшет",4,180000,720000
2752,"2026-03-29","Шымкент","Құлаққап",10,350000,3500000
2753,"2026-05-09","Қызылорда","Планшет",8,350000,2800000
2754,"2026-02-28","Шымкент","Құлаққап",7,350000,2450000
2755,"2026-04-15","Қызылорда","Планшет",4,180000,720000
2756,"2026-05-15","Астана","Телефон",3,350000,1050000
2757,"2026-02-03","Шымкент","Планшет",3,180000,540000
2758,"2026-07-19","Астана","Телефон",3,120000,360000
2759,"2026-08-10","Астана","Ноутбук",5,120000,6e+05
2760,"2026-04-18","Шымкент","Телефон",10,350000,3500000
2761,"2026-01-15","Ақтөбе","Телефон",10,120000,1200000
2762,"2026-08-11","Астана","Планшет",9,25000,225000
2763,"2026-07-20","Астана","Планшет",5,25000,125000
2764,"2026-07-21","Шымкент","Ноутбук",7,25000,175000
2765,"2026-05-17","Қызылорда","Құлаққап",2,120000,240000
2766,"2026-08-11","Алматы","Ноутбук",1,25000,25000
2767,"2026-03-24","Астана","Құлаққап",1,120000,120000
2768,"2026-05-16","Астана","Планшет",2,180000,360000
2769,"2026-09-26","Шымкент","Планшет",3,25000,75000
2770,"2026-06-18","Ақтөбе","Телефон",5,350000,1750000
2771,"2026-07-21","Ақтөбе","Құлаққап",8,25000,2e+05
2772,"2026-09-09","Қызылорда","Құлаққап",4,350000,1400000
2773,"2026-05-09","Шымкент","Планшет",10,120000,1200000
2774,"2026-09-18","Алматы","Планшет",9,120000,1080000
2775,"2026-05-06","Қызылорда","Планшет",9,120000,1080000
2776,"2026-03-07","Алматы","Құлаққап",8,350000,2800000
2777,"2026-01-10","Алматы","Құлаққап",3,180000,540000
2778,"2026-03-01","Шымкент","Телефон",10,25000,250000
2779,"2026-06-13","Астана","Құлаққап",2,180000,360000
2780,"2026-04-09","Қызылорда","Құлаққап",5,25000,125000
2781,"2026-09-25","Қызылорда","Ноутбук",7,25000,175000
2782,"2026-01-06","Қызылорда","Планшет",10,120000,1200000
2783,"2026-09-10","Қызылорда","Ноутбук",2,350000,7e+05
2784,"2026-05-10","Алматы","Планшет",10,120000,1200000
2785,"2026-07-18","Алматы","Ноутбук",6,120000,720000
2786,"2026-02-10","Шымкент","Планшет",5,120000,6e+05
2787,"2026-04-07","Алматы","Телефон",6,180000,1080000
2788,"2026-06-15","Алматы","Телефон",3,350000,1050000
2789,"2026-08-21","Қызылорда","Телефон",3,120000,360000
2790,"2026-08-26","Астана","Ноутбук",2,120000,240000
2791,"2026-01-24","Шымкент","Планшет",6,120000,720000
2792,"2026-05-02","Шымкент","Телефон",8,25000,2e+05
2793,"2026-03-12","Қызылорда","Планшет",1,180000,180000
2794,"2026-01-15","Астана","Планшет",6,180000,1080000
2795,"2026-01-23","Алматы","Құлаққап",7,120000,840000
2796,"2026-09-03","Шымкент","Телефон",5,120000,6e+05
2797,"2026-08-29","Шымкент","Телефон",3,25000,75000
2798,"2026-03-31","Шымкент","Құлаққап",1,120000,120000
2799,"2026-02-25","Қызылорда","Ноутбук",4,350000,1400000
2800,"2026-06-21","Ақтөбе","Ноутбук",2,120000,240000
2801,"2026-05-30","Шымкент","Құлаққап",8,180000,1440000
2802,"2026-05-26","Астана","Телефон",6,25000,150000
2803,"2026-04-01","Шымкент","Планшет",1,25000,25000
2804,"2026-05-28","Алматы","Планшет",3,180000,540000
2805,"2026-07-13","Алматы","Телефон",7,120000,840000
2806,"2026-08-11","Қызылорда","Телефон",8,350000,2800000
2807,"2026-02-14","Шымкент","Ноутбук",1,350000,350000
2808,"2026-01-01","Ақтөбе","Құлаққап",8,25000,2e+05
2809,"2026-05-28","Қызылорда","Ноутбук",9,180000,1620000
2810,"2026-05-15","Алматы","Құлаққап",2,120000,240000
2811,"2026-03-20","Астана","Құлаққап",10,350000,3500000
2812,"2026-07-30","Шымкент","Ноутбук",1,25000,25000
2813,"2026-01-24","Астана","Планшет",7,25000,175000
2814,"2026-04-16","Ақтөбе","Ноутбук",6,25000,150000
2815,"2026-05-18","Алматы","Құлаққап",3,180000,540000
2816,"2026-01-13","Астана","Планшет",3,25000,75000
2817,"2026-01-01","Алматы","Ноутбук",9,25000,225000
2818,"2026-09-04","Алматы","Құлаққап",6,25000,150000
2819,"2026-01-22","Астана","Телефон",5,120000,6e+05
2820,"2026-07-24","Астана","Құлаққап",4,180000,720000
2821,"2026-02-10","Ақтөбе","Ноутбук",3,120000,360000
2822,"2026-05-22","Астана","Құлаққап",7,180000,1260000
2823,"2026-05-17","Астана","Ноутбук",6,180000,1080000
2824,"2026-02-08","Ақтөбе","Құлаққап",3,180000,540000
2825,"2026-08-30","Қызылорда","Ноутбук",2,120000,240000
2826,"2026-02-15","Астана","Планшет",9,120000,1080000
2827,"2026-04-12","Шымкент","Құлаққап",5,25000,125000
2828,"2026-03-03","Астана","Құлаққап",5,25000,125000
2829,"2026-01-11","Ақтөбе","Телефон",4,350000,1400000
2830,"2026-03-09","Қызылорда","Телефон",1,120000,120000
2831,"2026-09-05","Шымкент","Ноутбук",2,180000,360000
2832,"2026-02-20","Ақтөбе","Планшет",1,350000,350000
2833,"2026-08-16","Қызылорда","Планшет",8,180000,1440000
2834,"2026-03-18","Ақтөбе","Телефон",5,25000,125000
2835,"2026-06-17","Алматы","Құлаққап",5,350000,1750000
2836,"2026-06-04","Шымкент","Телефон",1,180000,180000
2837,"2026-07-29","Шымкент","Телефон",1,350000,350000
2838,"2026-03-20","Шымкент","Телефон",9,350000,3150000
2839,"2026-02-24","Ақтөбе","Құлаққап",3,120000,360000
2840,"2026-08-21","Қызылорда","Ноутбук",9,120000,1080000
2841,"2026-04-03","Алматы","Ноутбук",9,120000,1080000
2842,"2026-09-24","Қызылорда","Планшет",9,120000,1080000
2843,"2026-01-01","Алматы","Ноутбук",1,25000,25000
2844,"2026-09-27","Қызылорда","Планшет",2,25000,50000
2845,"2026-02-18","Ақтөбе","Ноутбук",5,120000,6e+05
2846,"2026-06-22","Алматы","Құлаққап",6,180000,1080000
2847,"2026-03-08","Алматы","Планшет",5,25000,125000
2848,"2026-01-17","Шымкент","Телефон",2,180000,360000
2849,"2026-09-25","Ақтөбе","Телефон",10,180000,1800000
2850,"2026-02-22","Ақтөбе","Құлаққап",3,120000,360000
2851,"2026-06-24","Ақтөбе","Ноутбук",9,25000,225000
2852,"2026-02-19","Қызылорда","Телефон",4,350000,1400000
2853,"2026-07-20","Астана","Планшет",7,350000,2450000
2854,"2026-03-12","Қызылорда","Планшет",1,180000,180000
2855,"2026-05-27","Қызылорда","Құлаққап",5,180000,9e+05
2856,"2026-06-27","Алматы","Телефон",5,25000,125000
2857,"2026-09-06","Ақтөбе","Құлаққап",8,120000,960000
2858,"2026-01-27","Қызылорда","Планшет",6,180000,1080000
2859,"2026-04-13","Астана","Телефон",1,25000,25000
2860,"2026-01-12","Шымкент","Телефон",8,120000,960000
2861,"2026-07-06","Алматы","Құлаққап",3,180000,540000
2862,"2026-06-27","Қызылорда","Телефон",3,120000,360000
2863,"2026-06-06","Шымкент","Құлаққап",1,180000,180000
2864,"2026-02-03","Шымкент","Телефон",6,25000,150000
2865,"2026-04-25","Ақтөбе","Планшет",9,25000,225000
2866,"2026-04-10","Астана","Телефон",6,25000,150000
2867,"2026-07-29","Алматы","Телефон",5,25000,125000
2868,"2026-03-26","Алматы","Телефон",6,25000,150000
2869,"2026-02-28","Астана","Телефон",10,350000,3500000
2870,"2026-07-18","Алматы","Телефон",2,25000,50000
2871,"2026-08-12","Алматы","Планшет",8,180000,1440000
2872,"2026-04-28","Ақтөбе","Планшет",1,120000,120000
2873,"2026-05-25","Ақтөбе","Құлаққап",10,350000,3500000
2874,"2026-03-15","Ақтөбе","Құлаққап",1,350000,350000
2875,"2026-02-14","Астана","Телефон",5,120000,6e+05
2876,"2026-01-04","Ақтөбе","Телефон",3,120000,360000
2877,"2026-02-28","Қызылорда","Ноутбук",8,120000,960000
2878,"2026-05-13","Қызылорда","Ноутбук",7,25000,175000
2879,"2026-04-21","Астана","Планшет",7,25000,175000
2880,"2026-03-29","Ақтөбе","Планшет",10,25000,250000
2881,"2026-06-08","Қызылорда","Құлаққап",5,180000,9e+05
2882,"2026-01-25","Алматы","Телефон",4,180000,720000
2883,"2026-05-03","Алматы","Ноутбук",3,25000,75000
2884,"2026-05-09","Шымкент","Планшет",9,25000,225000
2885,"2026-08-20","Алматы","Ноутбук",7,180000,1260000
2886,"2026-08-18","Қызылорда","Ноутбук",10,350000,3500000
2887,"2026-06-17","Ақтөбе","Құлаққап",6,350000,2100000
2888,"2026-07-01","Қызылорда","Планшет",1,350000,350000
2889,"2026-07-16","Қызылорда","Құлаққап",1,350000,350000
2890,"2026-05-03","Қызылорда","Планшет",5,350000,1750000
2891,"2026-06-04","Астана","Құлаққап",5,25000,125000
2892,"2026-07-10","Алматы","Планшет",3,120000,360000
2893,"2026-03-05","Астана","Құлаққап",3,120000,360000
2894,"2026-09-24","Қызылорда","Құлаққап",3,350000,1050000
2895,"2026-08-30","Ақтөбе","Құлаққап",8,350000,2800000
2896,"2026-01-31","Ақтөбе","Телефон",1,180000,180000
2897,"2026-06-22","Алматы","Ноутбук",9,350000,3150000
2898,"2026-05-16","Қызылорда","Ноутбук",5,180000,9e+05
2899,"2026-08-01","Шымкент","Құлаққап",6,350000,2100000
2900,"2026-02-25","Қызылорда","Телефон",2,350000,7e+05
2901,"2026-03-24","Алматы","Планшет",3,180000,540000
2902,"2026-01-15","Ақтөбе","Құлаққап",1,180000,180000
2903,"2026-04-25","Ақтөбе","Ноутбук",8,120000,960000
2904,"2026-01-07","Қызылорда","Құлаққап",6,350000,2100000
2905,"2026-05-08","Алматы","Ноутбук",9,120000,1080000
2906,"2026-08-03","Шымкент","Планшет",2,25000,50000
2907,"2026-06-07","Шымкент","Телефон",10,180000,1800000
2908,"2026-08-28","Алматы","Планшет",1,350000,350000
2909,"2026-07-02","Алматы","Құлаққап",8,120000,960000
2910,"2026-06-05","Алматы","Планшет",5,180000,9e+05
2911,"2026-01-20","Алматы","Ноутбук",2,120000,240000
2912,"2026-04-27","Ақтөбе","Планшет",1,120000,120000
2913,"2026-08-08","Қызылорда","Ноутбук",8,350000,2800000
2914,"2026-05-11","Шымкент","Телефон",10,120000,1200000
2915,"2026-03-25","Астана","Телефон",5,180000,9e+05
2916,"2026-07-27","Алматы","Планшет",3,25000,75000
2917,"2026-07-27","Астана","Планшет",1,25000,25000
2918,"2026-08-02","Алматы","Планшет",2,180000,360000
2919,"2026-09-16","Шымкент","Құлаққап",8,25000,2e+05
2920,"2026-09-27","Ақтөбе","Планшет",5,120000,6e+05
2921,"2026-02-23","Шымкент","Құлаққап",10,180000,1800000
2922,"2026-07-19","Қызылорда","Ноутбук",10,25000,250000
2923,"2026-08-21","Ақтөбе","Телефон",2,350000,7e+05
2924,"2026-09-21","Астана","Телефон",3,120000,360000
2925,"2026-03-04","Астана","Құлаққап",4,180000,720000
2926,"2026-02-06","Қызылорда","Құлаққап",4,25000,1e+05
2927,"2026-09-20","Қызылорда","Құлаққап",3,180000,540000
2928,"2026-05-26","Қызылорда","Планшет",9,120000,1080000
2929,"2026-04-03","Ақтөбе","Телефон",7,120000,840000
2930,"2026-01-29","Ақтөбе","Құлаққап",8,180000,1440000
2931,"2026-07-14","Астана","Ноутбук",8,350000,2800000
2932,"2026-05-06","Шымкент","Құлаққап",4,25000,1e+05
2933,"2026-04-16","Ақтөбе","Ноутбук",7,120000,840000
2934,"2026-09-25","Ақтөбе","Телефон",5,25000,125000
2935,"2026-08-08","Алматы","Құлаққап",8,350000,2800000
2936,"2026-08-31","Астана","Планшет",7,350000,2450000
2937,"2026-09-06","Астана","Планшет",8,180000,1440000
2938,"2026-01-19","Алматы","Ноутбук",2,120000,240000
2939,"2026-08-08","Астана","Құлаққап",1,120000,120000
2940,"2026-08-17","Астана","Құлаққап",7,120000,840000
2941,"2026-05-21","Астана","Құлаққап",5,350000,1750000
2942,"2026-04-01","Ақтөбе","Құлаққап",3,180000,540000
2943,"2026-03-30","Астана","Ноутбук",8,180000,1440000
2944,"2026-01-25","Ақтөбе","Құлаққап",2,25000,50000
2945,"2026-07-30","Шымкент","Құлаққап",5,180000,9e+05
2946,"2026-04-24","Шымкент","Құлаққап",5,25000,125000
2947,"2026-07-28","Шымкент","Планшет",10,120000,1200000
2948,"2026-07-24","Алматы","Планшет",9,180000,1620000
2949,"2026-01-12","Астана","Планшет",3,180000,540000
2950,"2026-01-14","Астана","Планшет",5,180000,9e+05
2951,"2026-06-30","Астана","Телефон",5,120000,6e+05
2952,"2026-06-21","Шымкент","Телефон",5,25000,125000
2953,"2026-07-05","Ақтөбе","Құлаққап",9,350000,3150000
2954,"2026-04-02","Шымкент","Ноутбук",4,120000,480000
2955,"2026-02-27","Қызылорда","Құлаққап",9,25000,225000
2956,"2026-09-08","Қызылорда","Ноутбук",10,25000,250000
2957,"2026-05-23","Қызылорда","Құлаққап",4,120000,480000
2958,"2026-06-25","Астана","Планшет",7,180000,1260000
2959,"2026-02-21","Астана","Планшет",8,120000,960000
2960,"2026-07-18","Шымкент","Құлаққап",10,180000,1800000
2961,"2026-06-08","Алматы","Ноутбук",7,350000,2450000
2962,"2026-04-29","Қызылорда","Планшет",7,25000,175000
2963,"2026-02-06","Астана","Құлаққап",3,120000,360000
2964,"2026-08-01","Қызылорда","Ноутбук",8,180000,1440000
2965,"2026-02-21","Шымкент","Телефон",3,120000,360000
2966,"2026-02-03","Алматы","Ноутбук",10,120000,1200000
2967,"2026-03-01","Қызылорда","Планшет",10,25000,250000
2968,"2026-06-04","Астана","Планшет",5,350000,1750000
2969,"2026-06-30","Қызылорда","Ноутбук",1,120000,120000
2970,"2026-03-31","Ақтөбе","Ноутбук",9,120000,1080000
2971,"2026-06-26","Қызылорда","Планшет",5,180000,9e+05
2972,"2026-06-13","Ақтөбе","Ноутбук",5,25000,125000
2973,"2026-04-22","Астана","Планшет",7,180000,1260000
2974,"2026-04-02","Ақтөбе","Телефон",7,350000,2450000
2975,"2026-09-01","Алматы","Телефон",10,25000,250000
2976,"2026-05-04","Ақтөбе","Құлаққап",1,25000,25000
2977,"2026-03-16","Қызылорда","Планшет",1,120000,120000
2978,"2026-09-20","Астана","Телефон",8,25000,2e+05
2979,"2026-03-27","Қызылорда","Ноутбук",1,25000,25000
2980,"2026-06-30","Астана","Құлаққап",3,180000,540000
2981,"2026-06-09","Шымкент","Планшет",6,180000,1080000
2982,"2026-01-13","Қызылорда","Телефон",4,25000,1e+05
2983,"2026-07-31","Шымкент","Телефон",4,350000,1400000
2984,"2026-05-06","Қызылорда","Ноутбук",3,180000,540000
2985,"2026-02-27","Астана","Ноутбук",6,350000,2100000
2986,"2026-07-11","Ақтөбе","Ноутбук",4,25000,1e+05
2987,"2026-08-04","Қызылорда","Ноутбук",3,25000,75000
2988,"2026-08-12","Ақтөбе","Ноутбук",3,350000,1050000
2989,"2026-09-27","Шымкент","Планшет",4,25000,1e+05
2990,"2026-04-11","Ақтөбе","Ноутбук",5,25000,125000
2991,"2026-03-05","Алматы","Құлаққап",2,25000,50000
2992,"2026-07-04","Шымкент","Телефон",5,350000,1750000
2993,"2026-04-03","Шымкент","Құлаққап",2,180000,360000
2994,"2026-04-24","Ақтөбе","Телефон",5,25000,125000
2995,"2026-03-24","Шымкент","Ноутбук",6,120000,720000
2996,"2026-06-10","Шымкент","Ноутбук",9,180000,1620000
2997,"2026-07-03","Қызылорда","Құлаққап",10,180000,1800000
2998,"2026-03-10","Шымкент","Телефон",8,120000,960000
2999,"2026-08-10","Ақтөбе","Телефон",7,25000,175000
3000,"2026-09-09","Ақтөбе","Телефон",8,350000,2800000
3001,"2026-02-06","Ақтөбе","Ноутбук",6,350000,2100000
3002,"2026-01-09","Шымкент","Телефон",10,120000,1200000
3003,"2026-01-23","Астана","Құлаққап",4,180000,720000
3004,"2026-06-25","Ақтөбе","Планшет",4,180000,720000
3005,"2026-07-26","Алматы","Телефон",9,180000,1620000
3006,"2026-09-25","Шымкент","Телефон",8,120000,960000
3007,"2026-01-21","Қызылорда","Планшет",10,350000,3500000
3008,"2026-03-03","Алматы","Телефон",2,25000,50000
3009,"2026-08-02","Қызылорда","Құлаққап",1,180000,180000
3010,"2026-07-12","Астана","Телефон",9,120000,1080000
3011,"2026-05-20","Астана","Құлаққап",7,180000,1260000
3012,"2026-04-21","Қызылорда","Ноутбук",6,25000,150000
3013,"2026-05-03","Астана","Ноутбук",10,120000,1200000
3014,"2026-02-02","Алматы","Ноутбук",2,120000,240000
3015,"2026-04-24","Астана","Телефон",1,120000,120000
3016,"2026-01-27","Астана","Құлаққап",4,25000,1e+05
3017,"2026-04-10","Алматы","Құлаққап",2,350000,7e+05
3018,"2026-09-13","Шымкент","Ноутбук",5,350000,1750000
3019,"2026-05-18","Шымкент","Ноутбук",4,25000,1e+05
3020,"2026-09-08","Шымкент","Телефон",1,25000,25000
3021,"2026-08-24","Қызылорда","Құлаққап",2,350000,7e+05
3022,"2026-05-26","Қызылорда","Телефон",3,25000,75000
3023,"2026-08-18","Шымкент","Телефон",10,350000,3500000
3024,"2026-07-17","Шымкент","Ноутбук",2,25000,50000
3025,"2026-01-15","Алматы","Планшет",10,120000,1200000
3026,"2026-02-21","Қызылорда","Құлаққап",3,25000,75000
3027,"2026-07-26","Қызылорда","Құлаққап",5,180000,9e+05
3028,"2026-05-13","Алматы","Телефон",2,25000,50000
3029,"2026-06-18","Алматы","Құлаққап",2,350000,7e+05
3030,"2026-04-27","Астана","Ноутбук",2,180000,360000
3031,"2026-07-29","Алматы","Құлаққап",10,350000,3500000
3032,"2026-01-25","Астана","Құлаққап",10,350000,3500000
3033,"2026-03-06","Шымкент","Планшет",4,25000,1e+05
3034,"2026-08-27","Ақтөбе","Телефон",2,180000,360000
3035,"2026-01-23","Алматы","Ноутбук",3,180000,540000
3036,"2026-09-14","Алматы","Телефон",6,180000,1080000
3037,"2026-01-15","Алматы","Планшет",2,350000,7e+05
3038,"2026-01-23","Қызылорда","Ноутбук",8,180000,1440000
3039,"2026-08-29","Астана","Құлаққап",6,350000,2100000
3040,"2026-08-30","Шымкент","Планшет",3,120000,360000
3041,"2026-06-06","Шымкент","Телефон",8,180000,1440000
3042,"2026-08-13","Қызылорда","Ноутбук",8,350000,2800000
3043,"2026-02-03","Астана","Планшет",2,120000,240000
3044,"2026-07-11","Астана","Телефон",10,120000,1200000
3045,"2026-01-17","Ақтөбе","Планшет",8,25000,2e+05
3046,"2026-04-16","Қызылорда","Телефон",5,180000,9e+05
3047,"2026-05-20","Ақтөбе","Ноутбук",7,350000,2450000
3048,"2026-08-23","Шымкент","Құлаққап",7,350000,2450000
3049,"2026-06-25","Ақтөбе","Құлаққап",7,25000,175000
3050,"2026-03-09","Алматы","Планшет",8,25000,2e+05
3051,"2026-06-01","Қызылорда","Құлаққап",8,25000,2e+05
3052,"2026-07-27","Алматы","Ноутбук",10,350000,3500000
3053,"2026-07-19","Астана","Телефон",10,25000,250000
3054,"2026-09-06","Алматы","Телефон",4,120000,480000
3055,"2026-06-16","Шымкент","Планшет",1,120000,120000
3056,"2026-04-18","Алматы","Телефон",3,180000,540000
3057,"2026-04-23","Қызылорда","Құлаққап",3,350000,1050000
3058,"2026-05-05","Алматы","Ноутбук",2,180000,360000
3059,"2026-07-14","Астана","Планшет",2,25000,50000
3060,"2026-02-05","Астана","Телефон",6,120000,720000
3061,"2026-09-26","Алматы","Телефон",3,25000,75000
3062,"2026-07-11","Ақтөбе","Планшет",3,350000,1050000
3063,"2026-06-29","Астана","Планшет",7,25000,175000
3064,"2026-05-28","Шымкент","Планшет",1,180000,180000
3065,"2026-04-05","Шымкент","Ноутбук",1,350000,350000
3066,"2026-09-24","Алматы","Ноутбук",8,350000,2800000
3067,"2026-03-28","Шымкент","Құлаққап",3,180000,540000
3068,"2026-08-16","Шымкент","Телефон",6,120000,720000
3069,"2026-08-25","Ақтөбе","Телефон",8,180000,1440000
3070,"2026-04-09","Шымкент","Телефон",10,25000,250000
3071,"2026-04-16","Астана","Телефон",10,180000,1800000
3072,"2026-01-14","Алматы","Телефон",6,120000,720000
3073,"2026-06-30","Ақтөбе","Телефон",1,350000,350000
3074,"2026-08-16","Шымкент","Құлаққап",2,25000,50000
3075,"2026-09-02","Ақтөбе","Планшет",8,25000,2e+05
3076,"2026-04-08","Шымкент","Планшет",3,120000,360000
3077,"2026-08-30","Алматы","Ноутбук",9,350000,3150000
3078,"2026-06-18","Астана","Ноутбук",1,180000,180000
3079,"2026-05-15","Қызылорда","Құлаққап",10,120000,1200000
3080,"2026-05-21","Ақтөбе","Құлаққап",9,25000,225000
3081,"2026-07-04","Алматы","Құлаққап",2,25000,50000
3082,"2026-09-17","Алматы","Телефон",9,25000,225000
3083,"2026-07-03","Қызылорда","Құлаққап",8,25000,2e+05
3084,"2026-05-16","Астана","Телефон",4,350000,1400000
3085,"2026-07-30","Астана","Планшет",1,120000,120000
3086,"2026-08-01","Алматы","Планшет",3,25000,75000
3087,"2026-05-23","Астана","Құлаққап",7,120000,840000
3088,"2026-08-02","Ақтөбе","Ноутбук",9,350000,3150000
3089,"2026-05-04","Шымкент","Планшет",10,180000,1800000
3090,"2026-06-15","Қызылорда","Телефон",9,25000,225000
3091,"2026-01-12","Қызылорда","Планшет",5,180000,9e+05
3092,"2026-08-27","Қызылорда","Ноутбук",9,180000,1620000
3093,"2026-02-06","Ақтөбе","Құлаққап",8,25000,2e+05
3094,"2026-07-25","Қызылорда","Ноутбук",7,350000,2450000
3095,"2026-08-23","Астана","Планшет",6,180000,1080000
3096,"2026-08-28","Алматы","Құлаққап",2,120000,240000
3097,"2026-08-30","Алматы","Телефон",6,25000,150000
3098,"2026-05-13","Шымкент","Планшет",8,350000,2800000
3099,"2026-08-01","Қызылорда","Телефон",1,120000,120000
3100,"2026-07-11","Алматы","Телефон",1,180000,180000
3101,"2026-01-31","Алматы","Планшет",4,25000,1e+05
3102,"2026-09-04","Ақтөбе","Құлаққап",4,180000,720000
3103,"2026-07-25","Алматы","Ноутбук",5,180000,9e+05
3104,"2026-02-26","Астана","Планшет",4,120000,480000
3105,"2026-08-19","Алматы","Телефон",6,350000,2100000
3106,"2026-06-10","Қызылорда","Планшет",10,180000,1800000
3107,"2026-01-06","Ақтөбе","Планшет",5,180000,9e+05
3108,"2026-05-28","Ақтөбе","Құлаққап",5,25000,125000
3109,"2026-02-28","Шымкент","Телефон",10,350000,3500000
3110,"2026-05-04","Қызылорда","Планшет",5,120000,6e+05
3111,"2026-07-09","Шымкент","Телефон",7,350000,2450000
3112,"2026-06-13","Ақтөбе","Құлаққап",8,180000,1440000
3113,"2026-06-09","Қызылорда","Планшет",6,25000,150000
3114,"2026-02-27","Астана","Телефон",7,350000,2450000
3115,"2026-08-02","Алматы","Құлаққап",7,25000,175000
3116,"2026-03-20","Шымкент","Телефон",6,25000,150000
3117,"2026-01-08","Астана","Құлаққап",8,25000,2e+05
3118,"2026-08-13","Шымкент","Ноутбук",9,120000,1080000
3119,"2026-09-02","Қызылорда","Ноутбук",1,25000,25000
3120,"2026-06-20","Астана","Ноутбук",6,350000,2100000
3121,"2026-04-23","Шымкент","Құлаққап",7,25000,175000
3122,"2026-01-11","Шымкент","Құлаққап",6,25000,150000
3123,"2026-08-10","Алматы","Планшет",8,180000,1440000
3124,"2026-03-15","Шымкент","Құлаққап",1,180000,180000
3125,"2026-01-15","Астана","Құлаққап",3,120000,360000
3126,"2026-08-15","Қызылорда","Құлаққап",3,120000,360000
3127,"2026-06-23","Шымкент","Құлаққап",4,180000,720000
3128,"2026-02-02","Шымкент","Ноутбук",6,25000,150000
3129,"2026-01-01","Қызылорда","Телефон",6,180000,1080000
3130,"2026-05-12","Шымкент","Телефон",6,350000,2100000
3131,"2026-05-23","Қызылорда","Телефон",5,120000,6e+05
3132,"2026-07-02","Ақтөбе","Планшет",8,180000,1440000
3133,"2026-03-21","Астана","Ноутбук",5,350000,1750000
3134,"2026-04-21","Астана","Ноутбук",4,350000,1400000
3135,"2026-03-08","Шымкент","Планшет",1,25000,25000
3136,"2026-05-05","Астана","Планшет",6,120000,720000
3137,"2026-05-15","Астана","Құлаққап",5,350000,1750000
3138,"2026-04-19","Шымкент","Планшет",3,350000,1050000
3139,"2026-02-25","Шымкент","Телефон",2,350000,7e+05
3140,"2026-04-14","Астана","Телефон",4,25000,1e+05
3141,"2026-09-10","Астана","Ноутбук",9,25000,225000
3142,"2026-05-08","Астана","Құлаққап",5,180000,9e+05
3143,"2026-08-28","Алматы","Планшет",7,120000,840000
3144,"2026-01-06","Қызылорда","Телефон",6,180000,1080000
3145,"2026-08-15","Шымкент","Телефон",1,180000,180000
3146,"2026-06-03","Астана","Планшет",7,25000,175000
3147,"2026-02-26","Қызылорда","Құлаққап",5,180000,9e+05
3148,"2026-04-15","Астана","Құлаққап",8,350000,2800000
3149,"2026-02-24","Ақтөбе","Құлаққап",1,180000,180000
3150,"2026-07-01","Алматы","Планшет",6,25000,150000
3151,"2026-09-23","Шымкент","Телефон",9,25000,225000
3152,"2026-06-21","Шымкент","Планшет",5,25000,125000
3153,"2026-02-14","Алматы","Ноутбук",5,120000,6e+05
3154,"2026-08-03","Алматы","Құлаққап",10,25000,250000
3155,"2026-03-22","Қызылорда","Планшет",4,120000,480000
3156,"2026-04-27","Шымкент","Ноутбук",2,350000,7e+05
3157,"2026-04-22","Алматы","Телефон",10,350000,3500000
3158,"2026-06-12","Алматы","Ноутбук",10,350000,3500000
3159,"2026-02-07","Шымкент","Ноутбук",1,25000,25000
3160,"2026-09-23","Астана","Планшет",4,350000,1400000
3161,"2026-07-20","Алматы","Ноутбук",5,350000,1750000
3162,"2026-05-26","Астана","Құлаққап",10,350000,3500000
3163,"2026-05-19","Ақтөбе","Ноутбук",3,25000,75000
3164,"2026-03-20","Алматы","Ноутбук",1,180000,180000
3165,"2026-04-18","Қызылорда","Планшет",6,180000,1080000
3166,"2026-09-18","Шымкент","Телефон",8,350000,2800000
3167,"2026-01-06","Алматы","Құлаққап",1,350000,350000
3168,"2026-07-08","Қызылорда","Телефон",9,25000,225000
3169,"2026-03-15","Ақтөбе","Ноутбук",1,120000,120000
3170,"2026-07-19","Ақтөбе","Құлаққап",2,180000,360000
3171,"2026-05-06","Ақтөбе","Құлаққап",7,25000,175000
3172,"2026-03-13","Қызылорда","Құлаққап",6,350000,2100000
3173,"2026-02-26","Қызылорда","Телефон",1,120000,120000
3174,"2026-01-30","Астана","Телефон",2,180000,360000
3175,"2026-03-24","Алматы","Құлаққап",9,25000,225000
3176,"2026-09-06","Алматы","Ноутбук",4,25000,1e+05
3177,"2026-08-30","Астана","Құлаққап",1,180000,180000
3178,"2026-08-15","Шымкент","Ноутбук",2,350000,7e+05
3179,"2026-03-28","Қызылорда","Планшет",4,350000,1400000
3180,"2026-08-05","Алматы","Планшет",8,350000,2800000
3181,"2026-07-31","Қызылорда","Планшет",5,350000,1750000
3182,"2026-07-23","Астана","Телефон",4,180000,720000
3183,"2026-02-04","Алматы","Планшет",9,180000,1620000
3184,"2026-08-13","Алматы","Телефон",5,120000,6e+05
3185,"2026-04-30","Алматы","Құлаққап",10,350000,3500000
3186,"2026-06-27","Ақтөбе","Планшет",9,120000,1080000
3187,"2026-03-09","Қызылорда","Ноутбук",4,120000,480000
3188,"2026-07-25","Қызылорда","Телефон",2,120000,240000
3189,"2026-04-13","Қызылорда","Ноутбук",2,25000,50000
3190,"2026-07-18","Шымкент","Ноутбук",6,25000,150000
3191,"2026-07-08","Алматы","Ноутбук",5,180000,9e+05
3192,"2026-04-24","Ақтөбе","Телефон",7,25000,175000
3193,"2026-08-13","Шымкент","Ноутбук",1,120000,120000
3194,"2026-04-29","Алматы","Ноутбук",3,120000,360000
3195,"2026-09-07","Ақтөбе","Планшет",5,350000,1750000
3196,"2026-05-07","Алматы","Құлаққап",1,120000,120000
3197,"2026-04-22","Астана","Ноутбук",5,120000,6e+05
3198,"2026-02-18","Астана","Ноутбук",10,120000,1200000
3199,"2026-08-05","Алматы","Телефон",10,25000,250000
3200,"2026-09-26","Қызылорда","Ноутбук",3,120000,360000
3201,"2026-03-30","Астана","Телефон",6,120000,720000
3202,"2026-03-01","Ақтөбе","Ноутбук",3,350000,1050000
3203,"2026-03-01","Астана","Құлаққап",5,180000,9e+05
3204,"2026-02-23","Алматы","Құлаққап",7,120000,840000
3205,"2026-03-19","Қызылорда","Құлаққап",5,180000,9e+05
3206,"2026-01-13","Қызылорда","Телефон",1,350000,350000
3207,"2026-09-22","Қызылорда","Планшет",4,25000,1e+05
3208,"2026-04-25","Шымкент","Ноутбук",10,120000,1200000
3209,"2026-05-23","Астана","Телефон",1,25000,25000
3210,"2026-07-08","Астана","Телефон",7,120000,840000
3211,"2026-01-06","Алматы","Құлаққап",9,25000,225000
3212,"2026-08-30","Шымкент","Планшет",3,180000,540000
3213,"2026-06-17","Алматы","Телефон",5,180000,9e+05
3214,"2026-07-03","Астана","Телефон",1,25000,25000
3215,"2026-02-23","Ақтөбе","Ноутбук",2,120000,240000
3216,"2026-01-20","Қызылорда","Телефон",7,350000,2450000
3217,"2026-01-09","Шымкент","Планшет",9,180000,1620000
3218,"2026-04-07","Қызылорда","Телефон",2,25000,50000
3219,"2026-09-25","Шымкент","Планшет",6,180000,1080000
3220,"2026-02-24","Алматы","Планшет",1,180000,180000
3221,"2026-08-20","Астана","Телефон",1,180000,180000
3222,"2026-05-27","Қызылорда","Телефон",9,25000,225000
3223,"2026-02-26","Шымкент","Құлаққап",2,180000,360000
3224,"2026-03-04","Ақтөбе","Ноутбук",8,120000,960000
3225,"2026-01-16","Астана","Телефон",3,350000,1050000
3226,"2026-08-31","Алматы","Планшет",6,25000,150000
3227,"2026-04-24","Астана","Телефон",8,350000,2800000
3228,"2026-05-13","Алматы","Планшет",1,120000,120000
3229,"2026-04-04","Ақтөбе","Планшет",4,180000,720000
3230,"2026-08-19","Шымкент","Планшет",3,350000,1050000
3231,"2026-07-01","Астана","Ноутбук",2,25000,50000
3232,"2026-06-29","Ақтөбе","Құлаққап",2,120000,240000
3233,"2026-01-31","Ақтөбе","Телефон",10,180000,1800000
3234,"2026-09-09","Шымкент","Телефон",2,25000,50000
3235,"2026-03-05","Астана","Ноутбук",1,180000,180000
3236,"2026-09-17","Астана","Телефон",1,180000,180000
3237,"2026-09-18","Қызылорда","Құлаққап",2,180000,360000
3238,"2026-04-10","Астана","Ноутбук",1,180000,180000
3239,"2026-05-03","Шымкент","Ноутбук",6,350000,2100000
3240,"2026-08-23","Астана","Телефон",10,120000,1200000
3241,"2026-06-10","Ақтөбе","Құлаққап",10,350000,3500000
3242,"2026-08-25","Қызылорда","Планшет",4,120000,480000
3243,"2026-05-14","Алматы","Ноутбук",7,180000,1260000
3244,"2026-06-09","Шымкент","Ноутбук",8,25000,2e+05
3245,"2026-09-13","Алматы","Телефон",9,25000,225000
3246,"2026-06-28","Шымкент","Құлаққап",2,120000,240000
3247,"2026-03-11","Шымкент","Планшет",2,25000,50000
3248,"2026-08-07","Астана","Құлаққап",5,180000,9e+05
3249,"2026-03-25","Алматы","Планшет",5,350000,1750000
3250,"2026-06-11","Ақтөбе","Планшет",1,25000,25000
3251,"2026-07-27","Алматы","Телефон",5,25000,125000
3252,"2026-08-19","Қызылорда","Құлаққап",2,350000,7e+05
3253,"2026-06-17","Астана","Ноутбук",1,180000,180000
3254,"2026-03-12","Қызылорда","Құлаққап",9,180000,1620000
3255,"2026-03-30","Ақтөбе","Құлаққап",3,180000,540000
3256,"2026-08-19","Қызылорда","Құлаққап",3,25000,75000
3257,"2026-09-26","Алматы","Ноутбук",1,25000,25000
3258,"2026-03-05","Қызылорда","Ноутбук",6,25000,150000
3259,"2026-07-26","Ақтөбе","Ноутбук",7,120000,840000
3260,"2026-04-13","Қызылорда","Құлаққап",4,25000,1e+05
3261,"2026-06-08","Ақтөбе","Планшет",1,350000,350000
3262,"2026-05-26","Шымкент","Телефон",2,350000,7e+05
3263,"2026-04-04","Шымкент","Ноутбук",4,350000,1400000
3264,"2026-05-17","Астана","Планшет",6,25000,150000
3265,"2026-06-01","Қызылорда","Телефон",8,350000,2800000
3266,"2026-04-02","Астана","Ноутбук",5,180000,9e+05
3267,"2026-07-03","Қызылорда","Құлаққап",9,25000,225000
3268,"2026-07-13","Шымкент","Құлаққап",7,180000,1260000
3269,"2026-08-24","Шымкент","Планшет",9,350000,3150000
3270,"2026-06-28","Астана","Телефон",8,180000,1440000
3271,"2026-09-03","Шымкент","Планшет",5,120000,6e+05
3272,"2026-07-23","Алматы","Құлаққап",10,25000,250000
3273,"2026-08-23","Қызылорда","Телефон",6,25000,150000
3274,"2026-06-03","Қызылорда","Ноутбук",8,350000,2800000
3275,"2026-05-02","Ақтөбе","Құлаққап",10,25000,250000
3276,"2026-09-04","Астана","Телефон",9,120000,1080000
3277,"2026-02-03","Алматы","Планшет",10,25000,250000
3278,"2026-08-15","Шымкент","Құлаққап",9,350000,3150000
3279,"2026-04-15","Шымкент","Планшет",3,25000,75000
3280,"2026-01-21","Шымкент","Құлаққап",9,350000,3150000
3281,"2026-04-20","Ақтөбе","Планшет",8,25000,2e+05
3282,"2026-05-08","Қызылорда","Ноутбук",7,25000,175000
3283,"2026-05-29","Алматы","Құлаққап",6,25000,150000
3284,"2026-06-03","Қызылорда","Құлаққап",5,180000,9e+05
3285,"2026-05-09","Шымкент","Телефон",8,180000,1440000
3286,"2026-07-03","Ақтөбе","Планшет",9,120000,1080000
3287,"2026-07-13","Астана","Телефон",6,180000,1080000
3288,"2026-09-01","Алматы","Ноутбук",8,120000,960000
3289,"2026-05-07","Шымкент","Ноутбук",9,120000,1080000
3290,"2026-03-04","Шымкент","Телефон",4,120000,480000
3291,"2026-08-31","Қызылорда","Планшет",4,180000,720000
3292,"2026-03-24","Қызылорда","Планшет",2,350000,7e+05
3293,"2026-03-31","Шымкент","Телефон",5,350000,1750000
3294,"2026-05-17","Астана","Телефон",7,25000,175000
3295,"2026-07-31","Астана","Құлаққап",3,180000,540000
3296,"2026-05-18","Ақтөбе","Телефон",1,120000,120000
3297,"2026-03-23","Алматы","Ноутбук",4,350000,1400000
3298,"2026-08-01","Астана","Ноутбук",3,120000,360000
3299,"2026-05-26","Астана","Телефон",4,180000,720000
3300,"2026-08-11","Астана","Планшет",1,120000,120000
3301,"2026-06-12","Шымкент","Құлаққап",9,120000,1080000
3302,"2026-02-20","Қызылорда","Телефон",8,180000,1440000
3303,"2026-06-28","Ақтөбе","Телефон",10,120000,1200000
3304,"2026-02-15","Қызылорда","Планшет",4,120000,480000
3305,"2026-08-11","Қызылорда","Телефон",1,350000,350000
3306,"2026-09-17","Ақтөбе","Құлаққап",3,120000,360000
3307,"2026-09-07","Қызылорда","Телефон",9,25000,225000
3308,"2026-06-11","Астана","Телефон",2,120000,240000
3309,"2026-02-13","Шымкент","Планшет",1,25000,25000
3310,"2026-01-19","Астана","Құлаққап",5,350000,1750000
3311,"2026-01-26","Астана","Телефон",9,350000,3150000
3312,"2026-09-17","Алматы","Ноутбук",9,180000,1620000
3313,"2026-01-18","Қызылорда","Ноутбук",3,120000,360000
3314,"2026-02-14","Қызылорда","Ноутбук",10,350000,3500000
3315,"2026-04-16","Алматы","Ноутбук",8,180000,1440000
3316,"2026-03-04","Қызылорда","Құлаққап",7,350000,2450000
3317,"2026-06-21","Қызылорда","Телефон",1,180000,180000
3318,"2026-07-29","Қызылорда","Телефон",5,120000,6e+05
3319,"2026-04-19","Астана","Құлаққап",10,180000,1800000
3320,"2026-03-02","Алматы","Құлаққап",7,120000,840000
3321,"2026-08-23","Ақтөбе","Планшет",7,350000,2450000
3322,"2026-03-04","Ақтөбе","Планшет",1,350000,350000
3323,"2026-09-01","Астана","Телефон",2,350000,7e+05
3324,"2026-02-14","Қызылорда","Телефон",6,25000,150000
3325,"2026-01-01","Шымкент","Құлаққап",10,120000,1200000
3326,"2026-07-03","Ақтөбе","Планшет",6,350000,2100000
3327,"2026-09-04","Алматы","Планшет",6,25000,150000
3328,"2026-02-20","Шымкент","Құлаққап",8,350000,2800000
3329,"2026-01-09","Шымкент","Ноутбук",8,350000,2800000
3330,"2026-03-23","Астана","Планшет",3,120000,360000
3331,"2026-03-11","Қызылорда","Ноутбук",7,120000,840000
3332,"2026-06-07","Алматы","Құлаққап",7,350000,2450000
3333,"2026-04-07","Ақтөбе","Телефон",8,25000,2e+05
3334,"2026-03-20","Шымкент","Планшет",3,350000,1050000
3335,"2026-06-11","Шымкент","Телефон",6,25000,150000
3336,"2026-09-02","Қызылорда","Планшет",4,25000,1e+05
3337,"2026-04-09","Шымкент","Планшет",2,25000,50000
3338,"2026-07-10","Ақтөбе","Телефон",4,25000,1e+05
3339,"2026-01-19","Қызылорда","Құлаққап",2,120000,240000
3340,"2026-07-07","Қызылорда","Телефон",3,350000,1050000
3341,"2026-05-11","Қызылорда","Құлаққап",8,180000,1440000
3342,"2026-06-18","Шымкент","Құлаққап",7,180000,1260000
3343,"2026-08-15","Алматы","Телефон",3,350000,1050000
3344,"2026-08-19","Алматы","Планшет",3,180000,540000
3345,"2026-02-27","Алматы","Телефон",5,25000,125000
3346,"2026-04-02","Шымкент","Ноутбук",5,350000,1750000
3347,"2026-08-21","Астана","Планшет",3,25000,75000
3348,"2026-04-01","Алматы","Құлаққап",10,25000,250000
3349,"2026-06-09","Шымкент","Құлаққап",9,350000,3150000
3350,"2026-06-19","Алматы","Құлаққап",10,120000,1200000
3351,"2026-09-22","Шымкент","Құлаққап",4,25000,1e+05
3352,"2026-09-14","Ақтөбе","Құлаққап",7,180000,1260000
3353,"2026-06-05","Шымкент","Ноутбук",2,180000,360000
3354,"2026-09-18","Астана","Планшет",4,350000,1400000
3355,"2026-04-11","Алматы","Ноутбук",4,120000,480000
3356,"2026-07-05","Қызылорда","Ноутбук",5,180000,9e+05
3357,"2026-02-19","Қызылорда","Құлаққап",2,120000,240000
3358,"2026-05-19","Астана","Құлаққап",4,120000,480000
3359,"2026-07-31","Шымкент","Ноутбук",3,180000,540000
3360,"2026-01-01","Алматы","Ноутбук",6,350000,2100000
3361,"2026-03-15","Шымкент","Құлаққап",3,180000,540000
3362,"2026-03-01","Алматы","Планшет",5,180000,9e+05
3363,"2026-01-29","Шымкент","Құлаққап",2,25000,50000
3364,"2026-03-14","Астана","Ноутбук",10,350000,3500000
3365,"2026-02-09","Астана","Құлаққап",3,120000,360000
3366,"2026-01-08","Қызылорда","Құлаққап",8,25000,2e+05
3367,"2026-09-04","Шымкент","Құлаққап",3,350000,1050000
3368,"2026-08-06","Астана","Құлаққап",7,350000,2450000
3369,"2026-06-06","Астана","Ноутбук",10,350000,3500000
3370,"2026-08-14","Қызылорда","Ноутбук",5,120000,6e+05
3371,"2026-06-24","Шымкент","Құлаққап",8,180000,1440000
3372,"2026-01-08","Астана","Планшет",8,350000,2800000
3373,"2026-04-26","Астана","Құлаққап",4,180000,720000
3374,"2026-07-18","Шымкент","Құлаққап",1,180000,180000
3375,"2026-02-01","Алматы","Телефон",2,180000,360000
3376,"2026-05-02","Қызылорда","Телефон",4,25000,1e+05
3377,"2026-02-22","Шымкент","Құлаққап",2,350000,7e+05
3378,"2026-02-25","Шымкент","Құлаққап",5,350000,1750000
3379,"2026-04-22","Астана","Телефон",7,180000,1260000
3380,"2026-06-10","Алматы","Планшет",2,350000,7e+05
3381,"2026-02-08","Астана","Құлаққап",3,180000,540000
3382,"2026-08-03","Қызылорда","Планшет",9,350000,3150000
3383,"2026-06-07","Астана","Құлаққап",5,25000,125000
3384,"2026-07-31","Қызылорда","Планшет",6,25000,150000
3385,"2026-09-09","Алматы","Телефон",1,180000,180000
3386,"2026-07-10","Шымкент","Планшет",3,180000,540000
3387,"2026-07-03","Қызылорда","Телефон",6,120000,720000
3388,"2026-05-17","Шымкент","Құлаққап",2,120000,240000
3389,"2026-06-07","Шымкент","Ноутбук",3,180000,540000
3390,"2026-07-22","Ақтөбе","Ноутбук",3,25000,75000
3391,"2026-04-27","Шымкент","Телефон",5,180000,9e+05
3392,"2026-04-24","Астана","Құлаққап",4,350000,1400000
3393,"2026-07-07","Шымкент","Планшет",9,25000,225000
3394,"2026-06-18","Қызылорда","Телефон",4,180000,720000
3395,"2026-05-24","Алматы","Телефон",5,25000,125000
3396,"2026-09-07","Астана","Телефон",4,120000,480000
3397,"2026-01-02","Алматы","Планшет",2,25000,50000
3398,"2026-06-16","Ақтөбе","Ноутбук",8,350000,2800000
3399,"2026-09-05","Алматы","Телефон",3,350000,1050000
3400,"2026-08-09","Ақтөбе","Ноутбук",7,120000,840000
3401,"2026-04-28","Астана","Ноутбук",5,25000,125000
3402,"2026-01-20","Шымкент","Ноутбук",10,25000,250000
3403,"2026-03-23","Ақтөбе","Телефон",4,350000,1400000
3404,"2026-05-22","Шымкент","Құлаққап",2,25000,50000
3405,"2026-04-06","Алматы","Планшет",9,120000,1080000
3406,"2026-02-05","Астана","Планшет",3,25000,75000
3407,"2026-04-09","Шымкент","Телефон",7,350000,2450000
3408,"2026-05-21","Ақтөбе","Ноутбук",8,25000,2e+05
3409,"2026-02-18","Қызылорда","Құлаққап",4,180000,720000
3410,"2026-09-01","Қызылорда","Құлаққап",5,350000,1750000
3411,"2026-01-24","Шымкент","Телефон",5,180000,9e+05
3412,"2026-05-25","Ақтөбе","Ноутбук",10,180000,1800000
3413,"2026-03-20","Астана","Планшет",4,180000,720000
3414,"2026-03-02","Ақтөбе","Ноутбук",7,350000,2450000
3415,"2026-04-08","Шымкент","Құлаққап",3,180000,540000
3416,"2026-05-21","Шымкент","Планшет",10,350000,3500000
3417,"2026-02-05","Астана","Телефон",8,180000,1440000
3418,"2026-02-25","Ақтөбе","Телефон",10,350000,3500000
3419,"2026-09-22","Астана","Планшет",4,120000,480000
3420,"2026-07-19","Шымкент","Құлаққап",4,350000,1400000
3421,"2026-01-02","Астана","Планшет",6,180000,1080000
3422,"2026-03-14","Ақтөбе","Планшет",6,350000,2100000
3423,"2026-05-17","Алматы","Құлаққап",2,180000,360000
3424,"2026-08-24","Алматы","Ноутбук",1,350000,350000
3425,"2026-03-26","Астана","Планшет",8,25000,2e+05
3426,"2026-08-20","Шымкент","Ноутбук",10,120000,1200000
3427,"2026-07-04","Алматы","Планшет",6,25000,150000
3428,"2026-02-28","Астана","Планшет",2,180000,360000
3429,"2026-08-17","Астана","Ноутбук",6,180000,1080000
3430,"2026-06-22","Ақтөбе","Планшет",9,25000,225000
3431,"2026-05-06","Астана","Планшет",10,120000,1200000
3432,"2026-01-21","Қызылорда","Планшет",8,180000,1440000
3433,"2026-05-31","Қызылорда","Телефон",3,120000,360000
3434,"2026-02-28","Алматы","Планшет",4,180000,720000
3435,"2026-07-10","Алматы","Ноутбук",7,25000,175000
3436,"2026-03-01","Ақтөбе","Ноутбук",1,350000,350000
3437,"2026-05-19","Алматы","Планшет",4,120000,480000
3438,"2026-01-30","Қызылорда","Телефон",7,180000,1260000
3439,"2026-05-03","Шымкент","Құлаққап",1,120000,120000
3440,"2026-02-17","Алматы","Құлаққап",3,120000,360000
3441,"2026-04-26","Ақтөбе","Планшет",9,25000,225000
3442,"2026-04-20","Қызылорда","Ноутбук",4,120000,480000
3443,"2026-05-07","Қызылорда","Құлаққап",6,350000,2100000
3444,"2026-03-27","Астана","Ноутбук",1,350000,350000
3445,"2026-04-16","Ақтөбе","Құлаққап",2,25000,50000
3446,"2026-02-19","Астана","Телефон",1,350000,350000
3447,"2026-01-18","Астана","Планшет",8,350000,2800000
3448,"2026-08-10","Қызылорда","Планшет",4,120000,480000
3449,"2026-05-17","Ақтөбе","Ноутбук",8,180000,1440000
3450,"2026-03-08","Қызылорда","Планшет",7,180000,1260000
3451,"2026-05-04","Алматы","Ноутбук",4,25000,1e+05
3452,"2026-06-27","Шымкент","Құлаққап",5,350000,1750000
3453,"2026-09-15","Шымкент","Телефон",6,25000,150000
3454,"2026-05-23","Астана","Планшет",7,350000,2450000
3455,"2026-09-22","Шымкент","Планшет",7,120000,840000
3456,"2026-02-12","Қызылорда","Құлаққап",3,120000,360000
3457,"2026-04-20","Астана","Телефон",9,120000,1080000
3458,"2026-03-21","Алматы","Телефон",3,350000,1050000
3459,"2026-05-14","Ақтөбе","Телефон",1,350000,350000
3460,"2026-08-11","Астана","Телефон",5,120000,6e+05
3461,"2026-07-21","Астана","Планшет",1,350000,350000
3462,"2026-06-24","Шымкент","Планшет",1,120000,120000
3463,"2026-04-10","Алматы","Ноутбук",9,350000,3150000
3464,"2026-07-02","Алматы","Ноутбук",6,120000,720000
3465,"2026-05-16","Астана","Құлаққап",9,120000,1080000
3466,"2026-02-10","Ақтөбе","Планшет",9,180000,1620000
3467,"2026-09-15","Алматы","Құлаққап",2,350000,7e+05
3468,"2026-02-20","Ақтөбе","Телефон",9,25000,225000
3469,"2026-07-05","Қызылорда","Ноутбук",7,180000,1260000
3470,"2026-04-17","Қызылорда","Планшет",1,180000,180000
3471,"2026-05-23","Шымкент","Құлаққап",6,25000,150000
3472,"2026-03-03","Қызылорда","Планшет",7,180000,1260000
3473,"2026-09-05","Алматы","Телефон",3,25000,75000
3474,"2026-05-21","Қызылорда","Ноутбук",8,180000,1440000
3475,"2026-02-21","Қызылорда","Ноутбук",9,350000,3150000
3476,"2026-04-25","Астана","Телефон",8,25000,2e+05
3477,"2026-02-02","Астана","Ноутбук",1,350000,350000
3478,"2026-06-23","Астана","Планшет",7,120000,840000
3479,"2026-01-11","Қызылорда","Планшет",1,120000,120000
3480,"2026-06-14","Ақтөбе","Ноутбук",8,180000,1440000
3481,"2026-05-05","Алматы","Телефон",5,120000,6e+05
3482,"2026-04-02","Шымкент","Құлаққап",7,350000,2450000
3483,"2026-09-03","Қызылорда","Құлаққап",6,180000,1080000
3484,"2026-07-03","Қызылорда","Құлаққап",1,25000,25000
3485,"2026-06-23","Астана","Планшет",5,180000,9e+05
3486,"2026-06-28","Астана","Құлаққап",8,25000,2e+05
3487,"2026-06-19","Астана","Құлаққап",1,180000,180000
3488,"2026-08-05","Шымкент","Телефон",4,180000,720000
3489,"2026-08-23","Ақтөбе","Құлаққап",8,180000,1440000
3490,"2026-03-23","Қызылорда","Телефон",5,120000,6e+05
3491,"2026-07-05","Қызылорда","Құлаққап",10,120000,1200000
3492,"2026-03-11","Астана","Ноутбук",8,25000,2e+05
3493,"2026-02-25","Қызылорда","Планшет",2,25000,50000
3494,"2026-03-01","Алматы","Планшет",5,120000,6e+05
3495,"2026-06-16","Қызылорда","Планшет",8,180000,1440000
3496,"2026-06-26","Ақтөбе","Планшет",9,180000,1620000
3497,"2026-05-03","Алматы","Телефон",7,350000,2450000
3498,"2026-02-11","Шымкент","Планшет",3,120000,360000
3499,"2026-02-20","Ақтөбе","Ноутбук",10,25000,250000
3500,"2026-04-16","Астана","Планшет",10,180000,1800000
3501,"2026-07-01","Астана","Ноутбук",10,180000,1800000
3502,"2026-03-08","Алматы","Құлаққап",2,25000,50000
3503,"2026-09-26","Қызылорда","Планшет",6,350000,2100000
3504,"2026-05-19","Қызылорда","Планшет",9,180000,1620000
3505,"2026-06-19","Астана","Телефон",6,350000,2100000
3506,"2026-01-26","Алматы","Ноутбук",9,25000,225000
3507,"2026-03-16","Ақтөбе","Ноутбук",2,180000,360000
3508,"2026-03-31","Шымкент","Планшет",4,120000,480000
3509,"2026-05-15","Шымкент","Телефон",4,25000,1e+05
3510,"2026-02-25","Астана","Телефон",6,25000,150000
3511,"2026-09-18","Қызылорда","Планшет",5,25000,125000
3512,"2026-06-30","Ақтөбе","Телефон",4,25000,1e+05
3513,"2026-04-09","Шымкент","Ноутбук",6,350000,2100000
3514,"2026-03-09","Шымкент","Планшет",7,25000,175000
3515,"2026-05-06","Қызылорда","Телефон",4,120000,480000
3516,"2026-09-15","Астана","Телефон",6,120000,720000
3517,"2026-02-15","Астана","Ноутбук",3,350000,1050000
3518,"2026-09-12","Шымкент","Телефон",3,180000,540000
3519,"2026-08-30","Алматы","Телефон",8,180000,1440000
3520,"2026-03-21","Астана","Ноутбук",5,180000,9e+05
3521,"2026-02-23","Қызылорда","Ноутбук",1,180000,180000
3522,"2026-02-04","Ақтөбе","Планшет",6,180000,1080000
3523,"2026-02-14","Астана","Планшет",1,120000,120000
3524,"2026-03-01","Алматы","Құлаққап",9,350000,3150000
3525,"2026-01-22","Шымкент","Телефон",2,350000,7e+05
3526,"2026-03-14","Астана","Құлаққап",10,25000,250000
3527,"2026-03-20","Ақтөбе","Телефон",6,25000,150000
3528,"2026-01-12","Астана","Ноутбук",4,350000,1400000
3529,"2026-04-05","Алматы","Ноутбук",4,25000,1e+05
3530,"2026-07-10","Алматы","Ноутбук",9,120000,1080000
3531,"2026-05-09","Алматы","Ноутбук",1,180000,180000
3532,"2026-05-22","Шымкент","Ноутбук",10,180000,1800000
3533,"2026-07-20","Астана","Құлаққап",2,120000,240000
3534,"2026-03-22","Қызылорда","Планшет",1,350000,350000
3535,"2026-09-11","Ақтөбе","Планшет",3,120000,360000
3536,"2026-05-06","Астана","Телефон",6,120000,720000
3537,"2026-02-02","Қызылорда","Ноутбук",1,180000,180000
3538,"2026-07-04","Ақтөбе","Ноутбук",8,25000,2e+05
3539,"2026-06-14","Қызылорда","Құлаққап",10,350000,3500000
3540,"2026-01-16","Ақтөбе","Телефон",3,350000,1050000
3541,"2026-04-11","Қызылорда","Құлаққап",7,350000,2450000
3542,"2026-02-05","Қызылорда","Планшет",10,350000,3500000
3543,"2026-07-10","Шымкент","Құлаққап",2,25000,50000
3544,"2026-02-28","Астана","Телефон",5,120000,6e+05
3545,"2026-09-03","Ақтөбе","Телефон",5,120000,6e+05
3546,"2026-07-23","Қызылорда","Планшет",6,180000,1080000
3547,"2026-07-06","Ақтөбе","Құлаққап",6,25000,150000
3548,"2026-08-26","Шымкент","Ноутбук",3,180000,540000
3549,"2026-04-20","Астана","Планшет",5,25000,125000
3550,"2026-09-10","Алматы","Ноутбук",1,350000,350000
3551,"2026-08-01","Қызылорда","Планшет",1,350000,350000
3552,"2026-01-07","Алматы","Телефон",2,25000,50000
3553,"2026-01-07","Шымкент","Ноутбук",6,25000,150000
3554,"2026-08-02","Ақтөбе","Құлаққап",10,180000,1800000
3555,"2026-09-19","Астана","Құлаққап",9,180000,1620000
3556,"2026-04-28","Қызылорда","Құлаққап",6,180000,1080000
3557,"2026-09-16","Шымкент","Планшет",7,180000,1260000
3558,"2026-09-01","Астана","Ноутбук",9,25000,225000
3559,"2026-07-04","Астана","Құлаққап",8,25000,2e+05
3560,"2026-03-12","Ақтөбе","Ноутбук",10,180000,1800000
3561,"2026-04-13","Астана","Құлаққап",5,180000,9e+05
3562,"2026-04-13","Астана","Планшет",7,120000,840000
3563,"2026-03-16","Астана","Ноутбук",2,25000,50000
3564,"2026-09-10","Ақтөбе","Ноутбук",9,180000,1620000
3565,"2026-07-20","Алматы","Телефон",5,120000,6e+05
3566,"2026-05-12","Алматы","Планшет",3,25000,75000
3567,"2026-04-13","Астана","Ноутбук",4,350000,1400000
3568,"2026-08-28","Алматы","Планшет",10,25000,250000
3569,"2026-05-02","Қызылорда","Ноутбук",2,120000,240000
3570,"2026-07-06","Қызылорда","Құлаққап",8,180000,1440000
3571,"2026-08-09","Астана","Құлаққап",1,120000,120000
3572,"2026-05-23","Астана","Планшет",6,350000,2100000
3573,"2026-07-23","Астана","Құлаққап",9,120000,1080000
3574,"2026-01-03","Алматы","Ноутбук",1,120000,120000
3575,"2026-07-06","Шымкент","Планшет",9,180000,1620000
3576,"2026-07-11","Қызылорда","Құлаққап",9,120000,1080000
3577,"2026-09-01","Астана","Құлаққап",1,120000,120000
3578,"2026-07-22","Ақтөбе","Ноутбук",5,350000,1750000
3579,"2026-02-19","Алматы","Планшет",3,25000,75000
3580,"2026-05-19","Ақтөбе","Планшет",2,25000,50000
3581,"2026-09-07","Шымкент","Ноутбук",1,180000,180000
3582,"2026-09-15","Алматы","Құлаққап",4,120000,480000
3583,"2026-05-28","Қызылорда","Планшет",1,350000,350000
3584,"2026-09-10","Алматы","Телефон",6,350000,2100000
3585,"2026-01-20","Ақтөбе","Ноутбук",2,25000,50000
3586,"2026-02-23","Алматы","Телефон",6,180000,1080000
3587,"2026-01-29","Қызылорда","Құлаққап",2,350000,7e+05
3588,"2026-05-08","Алматы","Телефон",7,120000,840000
3589,"2026-01-19","Астана","Құлаққап",10,180000,1800000
3590,"2026-01-16","Астана","Ноутбук",3,25000,75000
3591,"2026-05-05","Қызылорда","Планшет",3,180000,540000
3592,"2026-05-23","Астана","Ноутбук",8,120000,960000
3593,"2026-08-31","Қызылорда","Планшет",4,25000,1e+05
3594,"2026-06-19","Алматы","Ноутбук",5,120000,6e+05
3595,"2026-06-05","Қызылорда","Планшет",4,25000,1e+05
3596,"2026-06-26","Шымкент","Планшет",2,350000,7e+05
3597,"2026-03-29","Ақтөбе","Телефон",7,120000,840000
3598,"2026-03-16","Алматы","Ноутбук",3,350000,1050000
3599,"2026-07-10","Ақтөбе","Ноутбук",9,25000,225000
3600,"2026-09-23","Қызылорда","Құлаққап",9,120000,1080000
3601,"2026-06-03","Астана","Ноутбук",2,25000,50000
3602,"2026-06-11","Астана","Планшет",9,25000,225000
3603,"2026-09-02","Астана","Ноутбук",5,350000,1750000
3604,"2026-09-12","Қызылорда","Телефон",9,25000,225000
3605,"2026-06-11","Астана","Телефон",7,25000,175000
3606,"2026-04-05","Алматы","Құлаққап",1,25000,25000
3607,"2026-04-05","Қызылорда","Құлаққап",5,120000,6e+05
3608,"2026-09-22","Қызылорда","Телефон",6,180000,1080000
3609,"2026-09-14","Астана","Ноутбук",4,120000,480000
3610,"2026-05-29","Алматы","Планшет",9,120000,1080000
3611,"2026-02-17","Қызылорда","Телефон",5,180000,9e+05
3612,"2026-07-18","Ақтөбе","Құлаққап",5,120000,6e+05
3613,"2026-08-15","Шымкент","Телефон",7,25000,175000
3614,"2026-04-03","Шымкент","Телефон",2,120000,240000
3615,"2026-08-30","Алматы","Құлаққап",8,25000,2e+05
3616,"2026-02-27","Алматы","Планшет",9,350000,3150000
3617,"2026-05-19","Шымкент","Құлаққап",9,180000,1620000
3618,"2026-02-18","Қызылорда","Планшет",7,180000,1260000
3619,"2026-01-10","Қызылорда","Құлаққап",10,25000,250000
3620,"2026-03-10","Алматы","Құлаққап",5,120000,6e+05
3621,"2026-08-13","Қызылорда","Телефон",9,25000,225000
3622,"2026-01-05","Астана","Телефон",5,120000,6e+05
3623,"2026-05-25","Астана","Телефон",9,25000,225000
3624,"2026-06-16","Алматы","Құлаққап",4,120000,480000
3625,"2026-03-12","Алматы","Планшет",8,25000,2e+05
3626,"2026-07-26","Қызылорда","Планшет",2,25000,50000
3627,"2026-03-25","Алматы","Телефон",10,25000,250000
3628,"2026-01-24","Шымкент","Ноутбук",2,120000,240000
3629,"2026-08-21","Алматы","Телефон",10,120000,1200000
3630,"2026-04-16","Астана","Телефон",6,120000,720000
3631,"2026-03-30","Алматы","Планшет",10,25000,250000
3632,"2026-07-08","Астана","Құлаққап",4,180000,720000
3633,"2026-07-28","Шымкент","Құлаққап",10,350000,3500000
3634,"2026-03-24","Астана","Планшет",8,120000,960000
3635,"2026-09-14","Алматы","Ноутбук",4,120000,480000
3636,"2026-06-27","Алматы","Телефон",10,350000,3500000
3637,"2026-06-11","Астана","Телефон",7,350000,2450000
3638,"2026-07-10","Шымкент","Құлаққап",1,120000,120000
3639,"2026-03-29","Шымкент","Планшет",8,350000,2800000
3640,"2026-03-25","Астана","Құлаққап",2,350000,7e+05
3641,"2026-06-25","Ақтөбе","Планшет",5,180000,9e+05
3642,"2026-08-09","Ақтөбе","Телефон",10,350000,3500000
3643,"2026-02-04","Қызылорда","Ноутбук",6,25000,150000
3644,"2026-04-02","Шымкент","Ноутбук",9,25000,225000
3645,"2026-08-19","Ақтөбе","Телефон",2,350000,7e+05
3646,"2026-09-04","Қызылорда","Планшет",8,120000,960000
3647,"2026-09-05","Алматы","Құлаққап",7,120000,840000
3648,"2026-04-22","Қызылорда","Телефон",7,350000,2450000
3649,"2026-06-06","Қызылорда","Планшет",3,180000,540000
3650,"2026-01-01","Шымкент","Телефон",9,350000,3150000
3651,"2026-09-26","Астана","Құлаққап",1,180000,180000
3652,"2026-08-21","Шымкент","Ноутбук",4,350000,1400000
3653,"2026-02-27","Астана","Құлаққап",8,180000,1440000
3654,"2026-05-05","Ақтөбе","Құлаққап",10,350000,3500000
3655,"2026-07-07","Шымкент","Планшет",6,120000,720000
3656,"2026-02-12","Ақтөбе","Планшет",4,180000,720000
3657,"2026-09-10","Алматы","Телефон",1,120000,120000
3658,"2026-08-09","Қызылорда","Планшет",1,120000,120000
3659,"2026-09-03","Ақтөбе","Телефон",9,180000,1620000
3660,"2026-05-07","Ақтөбе","Құлаққап",7,25000,175000
3661,"2026-03-28","Алматы","Ноутбук",8,350000,2800000
3662,"2026-04-20","Алматы","Құлаққап",8,120000,960000
3663,"2026-08-17","Шымкент","Ноутбук",4,350000,1400000
3664,"2026-08-04","Алматы","Ноутбук",2,120000,240000
3665,"2026-09-06","Астана","Ноутбук",3,120000,360000
3666,"2026-01-14","Алматы","Құлаққап",5,25000,125000
3667,"2026-06-14","Қызылорда","Телефон",9,350000,3150000
3668,"2026-03-11","Шымкент","Планшет",9,120000,1080000
3669,"2026-03-30","Шымкент","Ноутбук",5,120000,6e+05
3670,"2026-05-23","Астана","Ноутбук",6,350000,2100000
3671,"2026-06-26","Қызылорда","Планшет",7,25000,175000
3672,"2026-02-13","Қызылорда","Планшет",5,180000,9e+05
3673,"2026-03-27","Астана","Ноутбук",2,350000,7e+05
3674,"2026-01-30","Астана","Ноутбук",10,350000,3500000
3675,"2026-01-31","Қызылорда","Құлаққап",8,180000,1440000
3676,"2026-03-03","Алматы","Құлаққап",6,180000,1080000
3677,"2026-08-09","Астана","Ноутбук",4,180000,720000
3678,"2026-07-08","Ақтөбе","Телефон",2,180000,360000
3679,"2026-05-26","Ақтөбе","Ноутбук",3,350000,1050000
3680,"2026-07-28","Шымкент","Телефон",9,350000,3150000
3681,"2026-07-08","Шымкент","Телефон",4,180000,720000
3682,"2026-08-21","Алматы","Ноутбук",7,180000,1260000
3683,"2026-02-14","Астана","Телефон",1,180000,180000
3684,"2026-02-28","Астана","Планшет",10,25000,250000
3685,"2026-04-28","Алматы","Құлаққап",10,25000,250000
3686,"2026-03-24","Ақтөбе","Құлаққап",1,350000,350000
3687,"2026-04-30","Ақтөбе","Ноутбук",10,120000,1200000
3688,"2026-01-12","Алматы","Планшет",1,180000,180000
3689,"2026-05-27","Шымкент","Планшет",4,180000,720000
3690,"2026-08-18","Шымкент","Телефон",9,350000,3150000
3691,"2026-03-13","Шымкент","Ноутбук",8,350000,2800000
3692,"2026-08-27","Ақтөбе","Ноутбук",5,120000,6e+05
3693,"2026-06-04","Шымкент","Құлаққап",8,350000,2800000
3694,"2026-04-20","Астана","Телефон",5,350000,1750000
3695,"2026-01-18","Астана","Ноутбук",10,180000,1800000
3696,"2026-08-22","Шымкент","Телефон",3,25000,75000
3697,"2026-08-02","Қызылорда","Ноутбук",8,180000,1440000
3698,"2026-05-28","Қызылорда","Құлаққап",5,120000,6e+05
3699,"2026-07-17","Ақтөбе","Планшет",7,350000,2450000
3700,"2026-01-08","Ақтөбе","Телефон",5,180000,9e+05
3701,"2026-02-19","Алматы","Телефон",3,180000,540000
3702,"2026-09-02","Алматы","Планшет",1,350000,350000
3703,"2026-03-19","Алматы","Құлаққап",8,350000,2800000
3704,"2026-03-02","Астана","Ноутбук",3,350000,1050000
3705,"2026-04-19","Қызылорда","Құлаққап",5,350000,1750000
3706,"2026-06-08","Астана","Планшет",5,350000,1750000
3707,"2026-05-19","Астана","Телефон",10,25000,250000
3708,"2026-04-20","Астана","Ноутбук",4,25000,1e+05
3709,"2026-04-10","Астана","Ноутбук",8,120000,960000
3710,"2026-04-30","Астана","Құлаққап",6,350000,2100000
3711,"2026-03-19","Қызылорда","Құлаққап",5,180000,9e+05
3712,"2026-02-11","Астана","Ноутбук",7,25000,175000
3713,"2026-07-06","Шымкент","Телефон",2,120000,240000
3714,"2026-04-02","Қызылорда","Планшет",8,25000,2e+05
3715,"2026-06-29","Алматы","Телефон",6,120000,720000
3716,"2026-04-23","Қызылорда","Планшет",7,25000,175000
3717,"2026-08-13","Астана","Телефон",6,120000,720000
3718,"2026-02-26","Алматы","Ноутбук",10,120000,1200000
3719,"2026-07-20","Астана","Планшет",5,180000,9e+05
3720,"2026-07-08","Қызылорда","Планшет",7,120000,840000
3721,"2026-07-19","Алматы","Телефон",9,350000,3150000
3722,"2026-08-12","Астана","Телефон",7,25000,175000
3723,"2026-08-24","Қызылорда","Планшет",1,180000,180000
3724,"2026-03-05","Қызылорда","Ноутбук",5,350000,1750000
3725,"2026-08-19","Астана","Планшет",1,180000,180000
3726,"2026-04-04","Қызылорда","Телефон",1,180000,180000
3727,"2026-01-26","Алматы","Ноутбук",1,25000,25000
3728,"2026-08-14","Ақтөбе","Ноутбук",10,25000,250000
3729,"2026-09-01","Алматы","Ноутбук",4,180000,720000
3730,"2026-03-10","Ақтөбе","Құлаққап",9,180000,1620000
3731,"2026-07-06","Қызылорда","Планшет",5,25000,125000
3732,"2026-06-14","Ақтөбе","Құлаққап",3,180000,540000
3733,"2026-05-04","Қызылорда","Құлаққап",7,180000,1260000
3734,"2026-05-18","Алматы","Планшет",2,120000,240000
3735,"2026-06-21","Алматы","Ноутбук",8,350000,2800000
3736,"2026-01-24","Алматы","Телефон",9,180000,1620000
3737,"2026-05-22","Ақтөбе","Ноутбук",2,25000,50000
3738,"2026-05-01","Астана","Құлаққап",10,350000,3500000
3739,"2026-02-22","Алматы","Телефон",8,180000,1440000
3740,"2026-01-28","Алматы","Телефон",10,180000,1800000
3741,"2026-04-13","Қызылорда","Планшет",7,350000,2450000
3742,"2026-07-16","Шымкент","Құлаққап",7,25000,175000
3743,"2026-09-18","Ақтөбе","Ноутбук",2,120000,240000
3744,"2026-08-28","Ақтөбе","Планшет",10,350000,3500000
3745,"2026-07-04","Астана","Планшет",10,120000,1200000
3746,"2026-04-17","Алматы","Планшет",7,25000,175000
3747,"2026-05-15","Шымкент","Құлаққап",7,25000,175000
3748,"2026-03-14","Алматы","Құлаққап",8,120000,960000
3749,"2026-06-14","Шымкент","Планшет",2,25000,50000
3750,"2026-07-14","Қызылорда","Құлаққап",4,120000,480000
3751,"2026-09-04","Алматы","Планшет",6,350000,2100000
3752,"2026-02-07","Шымкент","Ноутбук",8,120000,960000
3753,"2026-02-06","Алматы","Құлаққап",4,180000,720000
3754,"2026-04-03","Қызылорда","Телефон",8,350000,2800000
3755,"2026-09-09","Шымкент","Ноутбук",9,120000,1080000
3756,"2026-06-13","Шымкент","Планшет",7,180000,1260000
3757,"2026-08-11","Астана","Планшет",4,350000,1400000
3758,"2026-09-01","Шымкент","Планшет",3,120000,360000
3759,"2026-02-05","Шымкент","Құлаққап",7,350000,2450000
3760,"2026-09-02","Алматы","Телефон",6,180000,1080000
3761,"2026-07-09","Астана","Құлаққап",10,120000,1200000
3762,"2026-06-29","Астана","Телефон",2,120000,240000
3763,"2026-01-06","Шымкент","Құлаққап",8,180000,1440000
3764,"2026-06-07","Қызылорда","Планшет",9,350000,3150000
3765,"2026-05-20","Алматы","Телефон",10,120000,1200000
3766,"2026-02-17","Шымкент","Телефон",1,25000,25000
3767,"2026-04-03","Алматы","Телефон",4,120000,480000
3768,"2026-02-21","Астана","Планшет",6,350000,2100000
3769,"2026-09-03","Астана","Құлаққап",3,350000,1050000
3770,"2026-01-03","Алматы","Ноутбук",7,350000,2450000
3771,"2026-01-27","Қызылорда","Планшет",5,25000,125000
3772,"2026-03-06","Ақтөбе","Құлаққап",9,350000,3150000
3773,"2026-03-25","Қызылорда","Телефон",10,25000,250000
3774,"2026-03-06","Астана","Ноутбук",3,180000,540000
3775,"2026-08-04","Астана","Телефон",5,180000,9e+05
3776,"2026-08-20","Ақтөбе","Телефон",3,120000,360000
3777,"2026-03-24","Қызылорда","Құлаққап",1,350000,350000
3778,"2026-02-24","Астана","Ноутбук",2,25000,50000
3779,"2026-02-01","Алматы","Ноутбук",8,25000,2e+05
3780,"2026-03-16","Қызылорда","Ноутбук",2,350000,7e+05
3781,"2026-04-11","Алматы","Құлаққап",2,180000,360000
3782,"2026-04-29","Ақтөбе","Планшет",8,350000,2800000
3783,"2026-06-30","Ақтөбе","Телефон",10,25000,250000
3784,"2026-03-30","Қызылорда","Ноутбук",7,180000,1260000
3785,"2026-09-12","Шымкент","Құлаққап",10,350000,3500000
3786,"2026-02-03","Қызылорда","Ноутбук",4,350000,1400000
3787,"2026-02-18","Ақтөбе","Телефон",6,120000,720000
3788,"2026-08-18","Ақтөбе","Телефон",9,120000,1080000
3789,"2026-06-05","Шымкент","Ноутбук",7,120000,840000
3790,"2026-03-31","Қызылорда","Телефон",7,180000,1260000
3791,"2026-03-03","Шымкент","Планшет",2,120000,240000
3792,"2026-07-05","Ақтөбе","Телефон",2,180000,360000
3793,"2026-05-28","Шымкент","Планшет",9,120000,1080000
3794,"2026-05-28","Шымкент","Құлаққап",1,25000,25000
3795,"2026-03-31","Астана","Құлаққап",6,180000,1080000
3796,"2026-05-16","Алматы","Телефон",5,25000,125000
3797,"2026-01-24","Алматы","Құлаққап",4,350000,1400000
3798,"2026-03-21","Ақтөбе","Ноутбук",6,180000,1080000
3799,"2026-04-14","Шымкент","Телефон",10,350000,3500000
3800,"2026-02-05","Алматы","Ноутбук",3,180000,540000
3801,"2026-05-01","Қызылорда","Құлаққап",1,350000,350000
3802,"2026-06-23","Шымкент","Телефон",2,350000,7e+05
3803,"2026-05-15","Қызылорда","Телефон",7,350000,2450000
3804,"2026-01-22","Шымкент","Құлаққап",6,25000,150000
3805,"2026-01-26","Қызылорда","Құлаққап",9,180000,1620000
3806,"2026-03-21","Астана","Құлаққап",2,120000,240000
3807,"2026-06-21","Қызылорда","Планшет",1,120000,120000
3808,"2026-04-29","Қызылорда","Планшет",6,120000,720000
3809,"2026-07-17","Астана","Телефон",9,180000,1620000
3810,"2026-04-12","Ақтөбе","Планшет",1,25000,25000
3811,"2026-09-16","Шымкент","Ноутбук",4,350000,1400000
3812,"2026-05-30","Алматы","Планшет",5,350000,1750000
3813,"2026-09-22","Ақтөбе","Планшет",3,25000,75000
3814,"2026-01-11","Астана","Ноутбук",8,25000,2e+05
3815,"2026-03-11","Ақтөбе","Құлаққап",6,120000,720000
3816,"2026-09-17","Алматы","Телефон",1,350000,350000
3817,"2026-07-12","Ақтөбе","Ноутбук",8,120000,960000
3818,"2026-05-28","Алматы","Планшет",10,120000,1200000
3819,"2026-07-07","Шымкент","Құлаққап",7,350000,2450000
3820,"2026-02-28","Алматы","Телефон",10,350000,3500000
3821,"2026-04-06","Алматы","Құлаққап",3,350000,1050000
3822,"2026-01-29","Қызылорда","Құлаққап",5,180000,9e+05
3823,"2026-07-15","Қызылорда","Планшет",9,25000,225000
3824,"2026-08-29","Ақтөбе","Ноутбук",8,25000,2e+05
3825,"2026-07-23","Қызылорда","Ноутбук",3,25000,75000
3826,"2026-04-07","Ақтөбе","Планшет",7,350000,2450000
3827,"2026-03-01","Шымкент","Планшет",10,350000,3500000
3828,"2026-09-11","Шымкент","Телефон",6,25000,150000
3829,"2026-02-01","Қызылорда","Телефон",1,120000,120000
3830,"2026-01-31","Қызылорда","Телефон",9,180000,1620000
3831,"2026-05-13","Шымкент","Телефон",2,350000,7e+05
3832,"2026-09-15","Ақтөбе","Ноутбук",9,120000,1080000
3833,"2026-09-11","Ақтөбе","Телефон",10,120000,1200000
3834,"2026-03-17","Қызылорда","Құлаққап",4,180000,720000
3835,"2026-04-02","Ақтөбе","Планшет",7,180000,1260000
3836,"2026-06-02","Алматы","Ноутбук",8,25000,2e+05
3837,"2026-04-16","Шымкент","Құлаққап",1,25000,25000
3838,"2026-06-21","Алматы","Телефон",5,180000,9e+05
3839,"2026-09-10","Қызылорда","Құлаққап",10,120000,1200000
3840,"2026-03-07","Астана","Құлаққап",1,120000,120000
3841,"2026-03-05","Алматы","Құлаққап",4,350000,1400000
3842,"2026-04-27","Астана","Планшет",9,120000,1080000
3843,"2026-04-02","Астана","Телефон",4,350000,1400000
3844,"2026-03-26","Алматы","Құлаққап",6,120000,720000
3845,"2026-02-28","Алматы","Телефон",7,120000,840000
3846,"2026-06-06","Ақтөбе","Планшет",8,180000,1440000
3847,"2026-04-03","Ақтөбе","Телефон",2,25000,50000
3848,"2026-07-29","Астана","Планшет",2,120000,240000
3849,"2026-06-23","Шымкент","Құлаққап",4,25000,1e+05
3850,"2026-02-22","Алматы","Ноутбук",2,25000,50000
3851,"2026-02-26","Қызылорда","Планшет",4,120000,480000
3852,"2026-02-15","Ақтөбе","Ноутбук",8,180000,1440000
3853,"2026-08-07","Шымкент","Телефон",9,350000,3150000
3854,"2026-08-15","Шымкент","Құлаққап",6,180000,1080000
3855,"2026-08-20","Қызылорда","Құлаққап",5,25000,125000
3856,"2026-09-06","Ақтөбе","Планшет",2,180000,360000
3857,"2026-09-18","Астана","Ноутбук",4,180000,720000
3858,"2026-08-01","Ақтөбе","Телефон",8,120000,960000
3859,"2026-08-23","Шымкент","Құлаққап",2,180000,360000
3860,"2026-01-05","Астана","Ноутбук",2,120000,240000
3861,"2026-08-31","Қызылорда","Телефон",1,120000,120000
3862,"2026-02-15","Қызылорда","Ноутбук",8,25000,2e+05
3863,"2026-08-17","Астана","Құлаққап",4,180000,720000
3864,"2026-08-29","Астана","Ноутбук",9,350000,3150000
3865,"2026-01-26","Астана","Құлаққап",8,25000,2e+05
3866,"2026-01-24","Шымкент","Ноутбук",9,120000,1080000
3867,"2026-05-06","Алматы","Телефон",1,180000,180000
3868,"2026-04-05","Алматы","Планшет",8,350000,2800000
3869,"2026-04-01","Шымкент","Телефон",2,120000,240000
3870,"2026-07-26","Алматы","Құлаққап",2,180000,360000
3871,"2026-03-15","Астана","Телефон",5,180000,9e+05
3872,"2026-01-08","Қызылорда","Құлаққап",10,180000,1800000
3873,"2026-07-18","Шымкент","Ноутбук",2,120000,240000
3874,"2026-03-07","Шымкент","Құлаққап",1,120000,120000
3875,"2026-03-21","Алматы","Телефон",2,350000,7e+05
3876,"2026-07-09","Астана","Телефон",9,25000,225000
3877,"2026-08-05","Астана","Құлаққап",1,120000,120000
3878,"2026-06-08","Астана","Телефон",1,120000,120000
3879,"2026-05-28","Қызылорда","Ноутбук",2,180000,360000
3880,"2026-03-15","Алматы","Ноутбук",8,350000,2800000
3881,"2026-09-09","Астана","Телефон",2,120000,240000
3882,"2026-01-19","Шымкент","Құлаққап",7,25000,175000
3883,"2026-04-23","Шымкент","Телефон",2,180000,360000
3884,"2026-08-27","Ақтөбе","Телефон",9,25000,225000
3885,"2026-02-13","Ақтөбе","Телефон",4,180000,720000
3886,"2026-01-29","Шымкент","Телефон",3,25000,75000
3887,"2026-01-19","Алматы","Құлаққап",9,120000,1080000
3888,"2026-01-16","Қызылорда","Планшет",10,350000,3500000
3889,"2026-06-05","Астана","Планшет",7,350000,2450000
3890,"2026-01-19","Шымкент","Ноутбук",7,180000,1260000
3891,"2026-06-17","Ақтөбе","Құлаққап",8,25000,2e+05
3892,"2026-07-19","Шымкент","Құлаққап",4,350000,1400000
3893,"2026-02-19","Шымкент","Ноутбук",3,25000,75000
3894,"2026-05-12","Қызылорда","Құлаққап",4,25000,1e+05
3895,"2026-07-30","Қызылорда","Телефон",1,350000,350000
3896,"2026-09-14","Ақтөбе","Құлаққап",2,180000,360000
3897,"2026-04-25","Ақтөбе","Ноутбук",3,180000,540000
3898,"2026-04-26","Астана","Планшет",7,120000,840000
3899,"2026-04-13","Алматы","Ноутбук",2,350000,7e+05
3900,"2026-01-26","Алматы","Планшет",3,120000,360000
3901,"2026-03-05","Алматы","Телефон",4,120000,480000
3902,"2026-03-02","Ақтөбе","Ноутбук",9,350000,3150000
3903,"2026-08-30","Алматы","Ноутбук",3,120000,360000
3904,"2026-02-27","Ақтөбе","Құлаққап",2,350000,7e+05
3905,"2026-07-30","Алматы","Ноутбук",8,120000,960000
3906,"2026-04-05","Астана","Құлаққап",2,25000,50000
3907,"2026-03-29","Қызылорда","Телефон",8,25000,2e+05
3908,"2026-03-09","Ақтөбе","Ноутбук",1,120000,120000
3909,"2026-03-21","Алматы","Телефон",10,25000,250000
3910,"2026-05-26","Астана","Құлаққап",2,25000,50000
3911,"2026-09-15","Алматы","Телефон",9,180000,1620000
3912,"2026-09-18","Шымкент","Құлаққап",2,180000,360000
3913,"2026-06-16","Ақтөбе","Планшет",3,180000,540000
3914,"2026-04-30","Алматы","Телефон",7,25000,175000
3915,"2026-02-16","Алматы","Ноутбук",4,180000,720000
3916,"2026-04-26","Алматы","Телефон",5,120000,6e+05
3917,"2026-04-13","Ақтөбе","Ноутбук",6,350000,2100000
3918,"2026-07-04","Ақтөбе","Құлаққап",3,350000,1050000
3919,"2026-05-23","Алматы","Планшет",1,180000,180000
3920,"2026-01-14","Алматы","Ноутбук",10,180000,1800000
3921,"2026-03-31","Қызылорда","Планшет",10,350000,3500000
3922,"2026-03-24","Алматы","Планшет",9,180000,1620000
3923,"2026-04-27","Алматы","Құлаққап",7,350000,2450000
3924,"2026-08-29","Астана","Планшет",1,25000,25000
3925,"2026-05-01","Астана","Ноутбук",1,350000,350000
3926,"2026-06-26","Ақтөбе","Құлаққап",10,25000,250000
3927,"2026-08-03","Алматы","Телефон",9,350000,3150000
3928,"2026-04-26","Астана","Телефон",3,350000,1050000
3929,"2026-09-03","Шымкент","Құлаққап",10,120000,1200000
3930,"2026-04-14","Қызылорда","Телефон",6,350000,2100000
3931,"2026-02-14","Қызылорда","Ноутбук",3,120000,360000
3932,"2026-05-30","Астана","Планшет",9,180000,1620000
3933,"2026-04-24","Алматы","Ноутбук",5,180000,9e+05
3934,"2026-03-24","Қызылорда","Құлаққап",2,120000,240000
3935,"2026-03-13","Қызылорда","Ноутбук",6,180000,1080000
3936,"2026-02-28","Алматы","Телефон",10,350000,3500000
3937,"2026-01-16","Алматы","Ноутбук",4,25000,1e+05
3938,"2026-08-18","Алматы","Құлаққап",8,350000,2800000
3939,"2026-07-25","Шымкент","Планшет",8,25000,2e+05
3940,"2026-03-07","Астана","Планшет",9,350000,3150000
3941,"2026-05-28","Алматы","Планшет",3,350000,1050000
3942,"2026-03-07","Астана","Телефон",10,120000,1200000
3943,"2026-01-13","Астана","Планшет",6,350000,2100000
3944,"2026-04-19","Алматы","Планшет",2,350000,7e+05
3945,"2026-09-26","Ақтөбе","Құлаққап",8,120000,960000
3946,"2026-03-22","Шымкент","Телефон",7,120000,840000
3947,"2026-01-09","Алматы","Планшет",9,25000,225000
3948,"2026-05-23","Алматы","Ноутбук",5,120000,6e+05
3949,"2026-05-14","Қызылорда","Телефон",10,25000,250000
3950,"2026-02-09","Алматы","Планшет",9,25000,225000
3951,"2026-02-14","Қызылорда","Телефон",5,25000,125000
3952,"2026-09-20","Астана","Ноутбук",4,120000,480000
3953,"2026-02-21","Алматы","Планшет",10,120000,1200000
3954,"2026-08-15","Қызылорда","Телефон",8,25000,2e+05
3955,"2026-05-07","Алматы","Құлаққап",2,120000,240000
3956,"2026-07-13","Ақтөбе","Құлаққап",3,25000,75000
3957,"2026-07-29","Алматы","Ноутбук",7,350000,2450000
3958,"2026-09-27","Шымкент","Планшет",3,180000,540000
3959,"2026-09-22","Шымкент","Планшет",3,180000,540000
3960,"2026-05-21","Шымкент","Құлаққап",8,120000,960000
3961,"2026-03-14","Алматы","Құлаққап",6,25000,150000
3962,"2026-07-11","Шымкент","Планшет",9,180000,1620000
3963,"2026-04-13","Алматы","Телефон",6,25000,150000
3964,"2026-03-15","Ақтөбе","Ноутбук",9,180000,1620000
3965,"2026-03-03","Алматы","Құлаққап",6,180000,1080000
3966,"2026-03-12","Қызылорда","Планшет",7,25000,175000
3967,"2026-02-06","Алматы","Телефон",2,180000,360000
3968,"2026-04-12","Қызылорда","Құлаққап",9,25000,225000
3969,"2026-07-15","Шымкент","Планшет",7,180000,1260000
3970,"2026-06-12","Қызылорда","Құлаққап",2,350000,7e+05
3971,"2026-09-15","Астана","Телефон",6,350000,2100000
3972,"2026-08-02","Астана","Ноутбук",9,180000,1620000
3973,"2026-08-11","Астана","Телефон",9,350000,3150000
3974,"2026-07-29","Алматы","Телефон",4,25000,1e+05
3975,"2026-05-15","Шымкент","Планшет",10,25000,250000
3976,"2026-04-14","Алматы","Құлаққап",3,350000,1050000
3977,"2026-09-12","Алматы","Ноутбук",3,180000,540000
3978,"2026-08-05","Шымкент","Ноутбук",1,25000,25000
3979,"2026-07-25","Астана","Планшет",10,180000,1800000
3980,"2026-06-09","Астана","Телефон",5,180000,9e+05
3981,"2026-03-07","Қызылорда","Планшет",9,25000,225000
3982,"2026-02-21","Ақтөбе","Құлаққап",5,25000,125000
3983,"2026-03-18","Ақтөбе","Құлаққап",5,120000,6e+05
3984,"2026-08-01","Ақтөбе","Ноутбук",8,350000,2800000
3985,"2026-01-16","Алматы","Планшет",5,120000,6e+05
3986,"2026-07-05","Астана","Телефон",9,25000,225000
3987,"2026-07-07","Алматы","Ноутбук",10,120000,1200000
3988,"2026-07-22","Шымкент","Ноутбук",8,25000,2e+05
3989,"2026-05-13","Ақтөбе","Ноутбук",10,120000,1200000
3990,"2026-09-15","Алматы","Ноутбук",10,350000,3500000
3991,"2026-06-15","Ақтөбе","Ноутбук",10,120000,1200000
3992,"2026-02-26","Алматы","Планшет",7,350000,2450000
3993,"2026-02-04","Алматы","Планшет",8,180000,1440000
3994,"2026-01-28","Ақтөбе","Құлаққап",9,120000,1080000
3995,"2026-09-18","Ақтөбе","Телефон",3,180000,540000
3996,"2026-08-11","Шымкент","Телефон",10,120000,1200000
3997,"2026-08-06","Алматы","Ноутбук",1,180000,180000
3998,"2026-01-09","Астана","Құлаққап",1,25000,25000
3999,"2026-06-07","Шымкент","Ноутбук",7,180000,1260000
4000,"2026-08-03","Шымкент","Телефон",1,350000,350000
4001,"2026-07-28","Алматы","Ноутбук",6,25000,150000
4002,"2026-07-04","Астана","Телефон",5,180000,9e+05
4003,"2026-06-10","Астана","Ноутбук",9,120000,1080000
4004,"2026-08-26","Қызылорда","Құлаққап",7,180000,1260000
4005,"2026-05-24","Алматы","Планшет",10,350000,3500000
4006,"2026-05-30","Алматы","Құлаққап",2,180000,360000
4007,"2026-04-25","Қызылорда","Ноутбук",3,25000,75000
4008,"2026-08-11","Ақтөбе","Ноутбук",2,25000,50000
4009,"2026-03-15","Шымкент","Құлаққап",9,25000,225000
4010,"2026-07-30","Қызылорда","Планшет",5,25000,125000
4011,"2026-01-09","Ақтөбе","Телефон",9,120000,1080000
4012,"2026-08-11","Ақтөбе","Құлаққап",6,350000,2100000
4013,"2026-08-28","Шымкент","Планшет",6,180000,1080000
4014,"2026-01-02","Қызылорда","Ноутбук",7,25000,175000
4015,"2026-09-10","Астана","Планшет",9,180000,1620000
4016,"2026-05-08","Шымкент","Ноутбук",7,120000,840000
4017,"2026-07-05","Астана","Құлаққап",3,25000,75000
4018,"2026-06-13","Шымкент","Телефон",10,180000,1800000
4019,"2026-08-09","Қызылорда","Ноутбук",3,350000,1050000
4020,"2026-02-25","Қызылорда","Құлаққап",10,25000,250000
4021,"2026-06-11","Алматы","Телефон",6,350000,2100000
4022,"2026-07-22","Астана","Ноутбук",5,180000,9e+05
4023,"2026-01-06","Қызылорда","Телефон",10,120000,1200000
4024,"2026-08-16","Шымкент","Телефон",7,25000,175000
4025,"2026-04-19","Шымкент","Ноутбук",6,350000,2100000
4026,"2026-02-05","Шымкент","Құлаққап",3,180000,540000
4027,"2026-01-08","Астана","Ноутбук",3,120000,360000
4028,"2026-04-29","Қызылорда","Құлаққап",4,120000,480000
4029,"2026-01-26","Астана","Телефон",8,180000,1440000
4030,"2026-06-25","Алматы","Телефон",6,180000,1080000
4031,"2026-05-08","Қызылорда","Телефон",10,350000,3500000
4032,"2026-06-05","Алматы","Телефон",2,25000,50000
4033,"2026-04-05","Шымкент","Ноутбук",5,25000,125000
4034,"2026-06-25","Алматы","Құлаққап",8,350000,2800000
4035,"2026-07-29","Алматы","Телефон",5,350000,1750000
4036,"2026-04-28","Қызылорда","Құлаққап",7,25000,175000
4037,"2026-05-11","Астана","Құлаққап",6,350000,2100000
4038,"2026-04-04","Ақтөбе","Планшет",6,180000,1080000
4039,"2026-02-27","Қызылорда","Ноутбук",5,180000,9e+05
4040,"2026-02-25","Алматы","Планшет",8,180000,1440000
4041,"2026-05-09","Ақтөбе","Телефон",6,25000,150000
4042,"2026-06-05","Шымкент","Ноутбук",9,350000,3150000
4043,"2026-03-05","Қызылорда","Құлаққап",9,25000,225000
4044,"2026-04-18","Қызылорда","Ноутбук",5,25000,125000
4045,"2026-06-06","Астана","Құлаққап",5,180000,9e+05
4046,"2026-08-14","Қызылорда","Құлаққап",10,25000,250000
4047,"2026-05-11","Ақтөбе","Планшет",1,25000,25000
4048,"2026-07-27","Қызылорда","Телефон",6,25000,150000
4049,"2026-08-12","Алматы","Телефон",8,25000,2e+05
4050,"2026-07-03","Ақтөбе","Телефон",5,350000,1750000
4051,"2026-04-25","Ақтөбе","Құлаққап",1,25000,25000
4052,"2026-07-07","Қызылорда","Телефон",7,350000,2450000
4053,"2026-01-21","Қызылорда","Құлаққап",4,180000,720000
4054,"2026-07-25","Ақтөбе","Ноутбук",8,350000,2800000
4055,"2026-08-23","Алматы","Телефон",2,120000,240000
4056,"2026-01-25","Астана","Құлаққап",10,25000,250000
4057,"2026-09-11","Шымкент","Телефон",7,350000,2450000
4058,"2026-07-28","Ақтөбе","Планшет",1,180000,180000
4059,"2026-08-08","Астана","Планшет",5,350000,1750000
4060,"2026-07-27","Ақтөбе","Ноутбук",7,120000,840000
4061,"2026-05-05","Астана","Ноутбук",7,25000,175000
4062,"2026-01-04","Алматы","Телефон",6,120000,720000
4063,"2026-07-14","Алматы","Телефон",8,120000,960000
4064,"2026-08-25","Қызылорда","Ноутбук",8,120000,960000
4065,"2026-05-07","Астана","Құлаққап",2,120000,240000
4066,"2026-06-25","Шымкент","Құлаққап",4,180000,720000
4067,"2026-05-16","Ақтөбе","Құлаққап",6,180000,1080000
4068,"2026-06-20","Алматы","Планшет",1,180000,180000
4069,"2026-04-09","Алматы","Телефон",10,180000,1800000
4070,"2026-03-01","Астана","Планшет",6,25000,150000
4071,"2026-08-05","Алматы","Құлаққап",6,25000,150000
4072,"2026-05-13","Шымкент","Телефон",5,350000,1750000
4073,"2026-06-20","Қызылорда","Телефон",2,180000,360000
4074,"2026-08-15","Ақтөбе","Ноутбук",3,350000,1050000
4075,"2026-09-09","Қызылорда","Ноутбук",7,120000,840000
4076,"2026-09-09","Алматы","Телефон",1,25000,25000
4077,"2026-06-12","Шымкент","Ноутбук",4,350000,1400000
4078,"2026-07-20","Ақтөбе","Планшет",7,25000,175000
4079,"2026-03-26","Астана","Ноутбук",10,350000,3500000
4080,"2026-08-28","Шымкент","Планшет",3,180000,540000
4081,"2026-03-24","Қызылорда","Телефон",7,350000,2450000
4082,"2026-07-16","Қызылорда","Телефон",5,120000,6e+05
4083,"2026-05-30","Қызылорда","Құлаққап",5,120000,6e+05
4084,"2026-02-13","Қызылорда","Ноутбук",8,120000,960000
4085,"2026-02-15","Ақтөбе","Телефон",10,25000,250000
4086,"2026-05-08","Ақтөбе","Телефон",3,120000,360000
4087,"2026-07-15","Шымкент","Планшет",7,25000,175000
4088,"2026-02-07","Алматы","Планшет",8,120000,960000
4089,"2026-02-04","Шымкент","Телефон",9,25000,225000
4090,"2026-09-17","Ақтөбе","Ноутбук",8,25000,2e+05
4091,"2026-09-20","Алматы","Планшет",2,180000,360000
4092,"2026-06-01","Қызылорда","Планшет",8,350000,2800000
4093,"2026-01-19","Астана","Ноутбук",3,350000,1050000
4094,"2026-07-13","Қызылорда","Телефон",6,120000,720000
4095,"2026-05-10","Ақтөбе","Телефон",1,180000,180000
4096,"2026-08-06","Қызылорда","Телефон",1,120000,120000
4097,"2026-05-28","Алматы","Телефон",6,180000,1080000
4098,"2026-03-31","Алматы","Телефон",6,25000,150000
4099,"2026-08-20","Ақтөбе","Ноутбук",10,25000,250000
4100,"2026-08-28","Алматы","Планшет",2,120000,240000
4101,"2026-07-04","Шымкент","Телефон",8,120000,960000
4102,"2026-01-19","Шымкент","Құлаққап",8,120000,960000
4103,"2026-02-28","Алматы","Құлаққап",1,120000,120000
4104,"2026-06-23","Астана","Телефон",7,350000,2450000
4105,"2026-01-24","Ақтөбе","Құлаққап",1,25000,25000
4106,"2026-02-08","Қызылорда","Құлаққап",10,25000,250000
4107,"2026-09-20","Алматы","Құлаққап",5,25000,125000
4108,"2026-04-07","Астана","Телефон",4,180000,720000
4109,"2026-02-07","Астана","Планшет",1,180000,180000
4110,"2026-03-09","Ақтөбе","Ноутбук",3,120000,360000
4111,"2026-06-03","Астана","Құлаққап",8,120000,960000
4112,"2026-09-20","Қызылорда","Телефон",3,120000,360000
4113,"2026-04-01","Шымкент","Планшет",8,350000,2800000
4114,"2026-07-12","Астана","Планшет",3,120000,360000
4115,"2026-09-07","Астана","Планшет",6,120000,720000
4116,"2026-03-09","Қызылорда","Құлаққап",5,25000,125000
4117,"2026-05-09","Астана","Планшет",4,120000,480000
4118,"2026-02-03","Астана","Телефон",1,180000,180000
4119,"2026-06-15","Астана","Құлаққап",10,120000,1200000
4120,"2026-04-25","Астана","Телефон",4,350000,1400000
4121,"2026-09-18","Қызылорда","Телефон",3,350000,1050000
4122,"2026-08-29","Алматы","Құлаққап",10,120000,1200000
4123,"2026-02-05","Алматы","Құлаққап",7,350000,2450000
4124,"2026-06-03","Шымкент","Планшет",3,120000,360000
4125,"2026-01-05","Қызылорда","Ноутбук",1,25000,25000
4126,"2026-08-19","Ақтөбе","Ноутбук",7,120000,840000
4127,"2026-01-12","Ақтөбе","Телефон",9,180000,1620000
4128,"2026-08-11","Алматы","Планшет",4,120000,480000
4129,"2026-06-29","Ақтөбе","Ноутбук",2,180000,360000
4130,"2026-04-23","Шымкент","Құлаққап",10,350000,3500000
4131,"2026-08-30","Ақтөбе","Телефон",4,120000,480000
4132,"2026-07-17","Ақтөбе","Ноутбук",5,350000,1750000
4133,"2026-02-03","Алматы","Телефон",2,25000,50000
4134,"2026-05-03","Қызылорда","Телефон",3,350000,1050000
4135,"2026-04-22","Алматы","Ноутбук",1,350000,350000
4136,"2026-08-05","Алматы","Планшет",7,350000,2450000
4137,"2026-04-07","Астана","Ноутбук",5,120000,6e+05
4138,"2026-05-29","Қызылорда","Ноутбук",7,25000,175000
4139,"2026-03-08","Қызылорда","Ноутбук",2,120000,240000
4140,"2026-07-06","Ақтөбе","Құлаққап",7,350000,2450000
4141,"2026-03-23","Алматы","Құлаққап",5,120000,6e+05
4142,"2026-07-20","Шымкент","Телефон",10,25000,250000
4143,"2026-05-08","Астана","Құлаққап",1,350000,350000
4144,"2026-08-20","Ақтөбе","Планшет",4,25000,1e+05
4145,"2026-04-30","Ақтөбе","Планшет",5,25000,125000
4146,"2026-06-22","Шымкент","Құлаққап",5,350000,1750000
4147,"2026-09-09","Астана","Телефон",9,120000,1080000
4148,"2026-06-13","Ақтөбе","Ноутбук",8,180000,1440000
4149,"2026-08-18","Шымкент","Құлаққап",9,25000,225000
4150,"2026-02-13","Алматы","Планшет",3,350000,1050000
4151,"2026-02-13","Қызылорда","Планшет",9,180000,1620000
4152,"2026-05-01","Астана","Ноутбук",9,180000,1620000
4153,"2026-05-25","Қызылорда","Телефон",3,350000,1050000
4154,"2026-02-28","Астана","Телефон",9,180000,1620000
4155,"2026-08-15","Қызылорда","Ноутбук",1,120000,120000
4156,"2026-06-06","Алматы","Телефон",8,25000,2e+05
4157,"2026-02-22","Ақтөбе","Планшет",8,350000,2800000
4158,"2026-05-04","Ақтөбе","Құлаққап",2,180000,360000
4159,"2026-02-26","Ақтөбе","Планшет",6,350000,2100000
4160,"2026-05-16","Алматы","Ноутбук",7,120000,840000
4161,"2026-07-30","Шымкент","Телефон",10,25000,250000
4162,"2026-08-08","Қызылорда","Құлаққап",7,180000,1260000
4163,"2026-09-01","Астана","Ноутбук",8,350000,2800000
4164,"2026-02-05","Шымкент","Телефон",6,25000,150000
4165,"2026-02-22","Алматы","Планшет",9,350000,3150000
4166,"2026-05-13","Шымкент","Телефон",1,25000,25000
4167,"2026-01-17","Астана","Құлаққап",10,25000,250000
4168,"2026-08-12","Қызылорда","Құлаққап",4,350000,1400000
4169,"2026-07-13","Алматы","Планшет",5,120000,6e+05
4170,"2026-06-17","Шымкент","Құлаққап",2,120000,240000
4171,"2026-03-13","Шымкент","Планшет",8,350000,2800000
4172,"2026-06-18","Қызылорда","Телефон",6,350000,2100000
4173,"2026-09-17","Шымкент","Ноутбук",6,180000,1080000
4174,"2026-07-14","Ақтөбе","Құлаққап",6,25000,150000
4175,"2026-03-09","Астана","Ноутбук",3,120000,360000
4176,"2026-04-08","Шымкент","Құлаққап",9,350000,3150000
4177,"2026-07-27","Астана","Ноутбук",10,120000,1200000
4178,"2026-08-23","Алматы","Телефон",3,180000,540000
4179,"2026-05-26","Шымкент","Ноутбук",1,25000,25000
4180,"2026-05-04","Астана","Ноутбук",8,25000,2e+05
4181,"2026-02-16","Қызылорда","Планшет",7,180000,1260000
4182,"2026-09-21","Алматы","Құлаққап",5,350000,1750000
4183,"2026-05-31","Шымкент","Ноутбук",8,25000,2e+05
4184,"2026-03-04","Қызылорда","Құлаққап",7,180000,1260000
4185,"2026-07-23","Шымкент","Құлаққап",5,120000,6e+05
4186,"2026-06-03","Қызылорда","Планшет",1,350000,350000
4187,"2026-03-25","Шымкент","Телефон",7,120000,840000
4188,"2026-05-17","Шымкент","Планшет",1,350000,350000
4189,"2026-03-27","Астана","Құлаққап",4,25000,1e+05
4190,"2026-09-21","Қызылорда","Телефон",2,25000,50000
4191,"2026-08-19","Астана","Телефон",4,350000,1400000
4192,"2026-05-13","Қызылорда","Құлаққап",1,25000,25000
4193,"2026-04-28","Алматы","Телефон",7,25000,175000
4194,"2026-07-08","Шымкент","Телефон",6,25000,150000
4195,"2026-04-07","Ақтөбе","Телефон",2,25000,50000
4196,"2026-04-11","Алматы","Планшет",9,350000,3150000
4197,"2026-06-03","Астана","Ноутбук",4,120000,480000
4198,"2026-05-21","Шымкент","Телефон",10,180000,1800000
4199,"2026-07-12","Шымкент","Планшет",7,25000,175000
4200,"2026-03-22","Шымкент","Ноутбук",3,25000,75000
4201,"2026-07-10","Алматы","Планшет",7,25000,175000
4202,"2026-03-08","Шымкент","Телефон",9,180000,1620000
4203,"2026-07-31","Қызылорда","Телефон",2,25000,50000
4204,"2026-08-03","Ақтөбе","Ноутбук",10,180000,1800000
4205,"2026-07-02","Ақтөбе","Телефон",5,350000,1750000
4206,"2026-07-26","Ақтөбе","Ноутбук",7,25000,175000
4207,"2026-01-30","Алматы","Планшет",4,350000,1400000
4208,"2026-04-19","Астана","Ноутбук",6,25000,150000
4209,"2026-09-09","Алматы","Құлаққап",7,120000,840000
4210,"2026-03-03","Астана","Планшет",1,120000,120000
4211,"2026-05-21","Алматы","Құлаққап",1,350000,350000
4212,"2026-02-27","Шымкент","Ноутбук",7,180000,1260000
4213,"2026-04-16","Астана","Құлаққап",3,180000,540000
4214,"2026-07-14","Қызылорда","Телефон",3,350000,1050000
4215,"2026-06-08","Шымкент","Телефон",2,120000,240000
4216,"2026-01-24","Шымкент","Телефон",8,180000,1440000
4217,"2026-01-15","Астана","Ноутбук",8,25000,2e+05
4218,"2026-07-25","Ақтөбе","Телефон",1,180000,180000
4219,"2026-01-15","Шымкент","Телефон",8,25000,2e+05
4220,"2026-07-25","Алматы","Құлаққап",9,350000,3150000
4221,"2026-05-15","Қызылорда","Құлаққап",8,180000,1440000
4222,"2026-04-24","Қызылорда","Планшет",10,25000,250000
4223,"2026-06-08","Ақтөбе","Құлаққап",8,120000,960000
4224,"2026-06-26","Ақтөбе","Ноутбук",6,25000,150000
4225,"2026-04-14","Қызылорда","Телефон",2,180000,360000
4226,"2026-01-20","Астана","Телефон",7,25000,175000
4227,"2026-08-24","Алматы","Құлаққап",9,180000,1620000
4228,"2026-03-29","Шымкент","Ноутбук",5,350000,1750000
4229,"2026-08-26","Астана","Телефон",4,120000,480000
4230,"2026-06-28","Қызылорда","Ноутбук",10,180000,1800000
4231,"2026-09-13","Қызылорда","Ноутбук",10,350000,3500000
4232,"2026-07-03","Алматы","Құлаққап",8,25000,2e+05
4233,"2026-07-03","Қызылорда","Ноутбук",1,350000,350000
4234,"2026-01-30","Ақтөбе","Ноутбук",3,120000,360000
4235,"2026-04-14","Астана","Телефон",1,180000,180000
4236,"2026-04-12","Шымкент","Планшет",3,120000,360000
4237,"2026-05-24","Қызылорда","Ноутбук",6,180000,1080000
4238,"2026-03-04","Ақтөбе","Ноутбук",2,350000,7e+05
4239,"2026-03-01","Астана","Телефон",9,350000,3150000
4240,"2026-07-09","Алматы","Планшет",10,25000,250000
4241,"2026-05-09","Шымкент","Планшет",2,120000,240000
4242,"2026-01-05","Астана","Планшет",3,120000,360000
4243,"2026-05-06","Қызылорда","Планшет",9,25000,225000
4244,"2026-03-18","Алматы","Планшет",1,25000,25000
4245,"2026-07-05","Шымкент","Планшет",5,180000,9e+05
4246,"2026-02-15","Ақтөбе","Ноутбук",10,350000,3500000
4247,"2026-07-30","Астана","Құлаққап",9,25000,225000
4248,"2026-08-14","Ақтөбе","Телефон",8,25000,2e+05
4249,"2026-04-30","Қызылорда","Планшет",8,120000,960000
4250,"2026-01-04","Шымкент","Құлаққап",9,25000,225000
4251,"2026-06-30","Шымкент","Телефон",5,120000,6e+05
4252,"2026-03-15","Алматы","Ноутбук",10,120000,1200000
4253,"2026-08-11","Шымкент","Телефон",8,350000,2800000
4254,"2026-07-21","Шымкент","Ноутбук",10,25000,250000
4255,"2026-01-02","Ақтөбе","Телефон",4,350000,1400000
4256,"2026-05-31","Астана","Құлаққап",2,120000,240000
4257,"2026-06-20","Шымкент","Планшет",3,25000,75000
4258,"2026-08-15","Қызылорда","Құлаққап",7,25000,175000
4259,"2026-07-10","Алматы","Құлаққап",7,350000,2450000
4260,"2026-09-15","Алматы","Құлаққап",7,25000,175000
4261,"2026-06-03","Қызылорда","Құлаққап",7,25000,175000
4262,"2026-05-04","Шымкент","Планшет",10,350000,3500000
4263,"2026-02-16","Астана","Ноутбук",3,25000,75000
4264,"2026-01-15","Ақтөбе","Планшет",9,25000,225000
4265,"2026-04-03","Астана","Телефон",10,180000,1800000
4266,"2026-05-21","Қызылорда","Ноутбук",1,25000,25000
4267,"2026-01-06","Ақтөбе","Ноутбук",9,180000,1620000
4268,"2026-05-10","Қызылорда","Ноутбук",9,350000,3150000
4269,"2026-01-27","Алматы","Телефон",1,120000,120000
4270,"2026-09-21","Ақтөбе","Телефон",5,180000,9e+05
4271,"2026-02-09","Алматы","Планшет",6,120000,720000
4272,"2026-03-01","Алматы","Планшет",3,350000,1050000
4273,"2026-06-20","Қызылорда","Ноутбук",8,180000,1440000
4274,"2026-05-24","Қызылорда","Телефон",9,120000,1080000
4275,"2026-01-12","Астана","Ноутбук",8,120000,960000
4276,"2026-03-06","Алматы","Ноутбук",9,180000,1620000
4277,"2026-05-12","Шымкент","Телефон",9,25000,225000
4278,"2026-01-17","Қызылорда","Планшет",5,120000,6e+05
4279,"2026-07-30","Ақтөбе","Құлаққап",4,120000,480000
4280,"2026-04-25","Шымкент","Ноутбук",4,25000,1e+05
4281,"2026-06-01","Қызылорда","Құлаққап",1,25000,25000
4282,"2026-06-19","Шымкент","Құлаққап",9,25000,225000
4283,"2026-03-08","Алматы","Құлаққап",1,120000,120000
4284,"2026-09-05","Шымкент","Ноутбук",9,350000,3150000
4285,"2026-07-21","Қызылорда","Планшет",6,25000,150000
4286,"2026-06-08","Алматы","Құлаққап",1,180000,180000
4287,"2026-02-12","Ақтөбе","Планшет",8,120000,960000
4288,"2026-05-10","Астана","Құлаққап",9,25000,225000
4289,"2026-01-08","Ақтөбе","Ноутбук",3,25000,75000
4290,"2026-03-03","Шымкент","Планшет",2,25000,50000
4291,"2026-06-25","Қызылорда","Ноутбук",10,25000,250000
4292,"2026-02-28","Алматы","Телефон",6,25000,150000
4293,"2026-06-17","Алматы","Планшет",7,180000,1260000
4294,"2026-04-19","Шымкент","Телефон",4,180000,720000
4295,"2026-03-14","Ақтөбе","Планшет",5,350000,1750000
4296,"2026-05-06","Ақтөбе","Телефон",8,120000,960000
4297,"2026-07-22","Шымкент","Ноутбук",3,120000,360000
4298,"2026-04-05","Ақтөбе","Құлаққап",8,120000,960000
4299,"2026-01-18","Ақтөбе","Ноутбук",6,120000,720000
4300,"2026-04-12","Шымкент","Ноутбук",6,25000,150000
4301,"2026-03-28","Ақтөбе","Телефон",10,120000,1200000
4302,"2026-06-08","Ақтөбе","Құлаққап",6,25000,150000
4303,"2026-01-16","Қызылорда","Телефон",10,25000,250000
4304,"2026-03-25","Қызылорда","Құлаққап",1,25000,25000
4305,"2026-04-04","Қызылорда","Құлаққап",7,120000,840000
4306,"2026-06-17","Астана","Телефон",1,120000,120000
4307,"2026-06-28","Шымкент","Планшет",5,25000,125000
4308,"2026-08-10","Қызылорда","Телефон",7,180000,1260000
4309,"2026-03-06","Алматы","Ноутбук",10,25000,250000
4310,"2026-07-10","Қызылорда","Ноутбук",10,180000,1800000
4311,"2026-05-15","Алматы","Телефон",4,350000,1400000
4312,"2026-05-02","Шымкент","Ноутбук",1,25000,25000
4313,"2026-08-11","Ақтөбе","Телефон",8,350000,2800000
4314,"2026-04-27","Алматы","Телефон",5,120000,6e+05
4315,"2026-09-18","Астана","Ноутбук",1,120000,120000
4316,"2026-03-17","Шымкент","Телефон",3,120000,360000
4317,"2026-05-28","Қызылорда","Телефон",8,180000,1440000
4318,"2026-07-31","Алматы","Планшет",9,120000,1080000
4319,"2026-04-15","Алматы","Планшет",4,25000,1e+05
4320,"2026-02-07","Шымкент","Ноутбук",6,120000,720000
4321,"2026-01-26","Алматы","Құлаққап",7,120000,840000
4322,"2026-06-18","Алматы","Құлаққап",7,120000,840000
4323,"2026-09-10","Шымкент","Телефон",3,350000,1050000
4324,"2026-02-01","Астана","Планшет",1,350000,350000
4325,"2026-06-20","Қызылорда","Телефон",9,25000,225000
4326,"2026-02-25","Шымкент","Ноутбук",2,120000,240000
4327,"2026-09-22","Астана","Құлаққап",4,180000,720000
4328,"2026-07-26","Қызылорда","Ноутбук",1,350000,350000
4329,"2026-07-12","Шымкент","Планшет",10,25000,250000
4330,"2026-09-02","Ақтөбе","Құлаққап",6,120000,720000
4331,"2026-04-17","Қызылорда","Құлаққап",5,120000,6e+05
4332,"2026-08-17","Қызылорда","Планшет",10,120000,1200000
4333,"2026-08-19","Ақтөбе","Құлаққап",4,120000,480000
4334,"2026-09-23","Шымкент","Құлаққап",7,180000,1260000
4335,"2026-02-25","Шымкент","Ноутбук",6,180000,1080000
4336,"2026-09-07","Қызылорда","Телефон",1,25000,25000
4337,"2026-08-28","Ақтөбе","Құлаққап",10,180000,1800000
4338,"2026-06-13","Қызылорда","Ноутбук",7,350000,2450000
4339,"2026-01-05","Астана","Планшет",4,180000,720000
4340,"2026-05-21","Алматы","Құлаққап",6,350000,2100000
4341,"2026-04-01","Астана","Құлаққап",7,350000,2450000
4342,"2026-02-24","Астана","Құлаққап",8,120000,960000
4343,"2026-03-11","Шымкент","Планшет",10,25000,250000
4344,"2026-09-02","Астана","Ноутбук",4,120000,480000
4345,"2026-07-02","Шымкент","Ноутбук",9,180000,1620000
4346,"2026-09-11","Алматы","Планшет",9,180000,1620000
4347,"2026-02-12","Шымкент","Құлаққап",6,180000,1080000
4348,"2026-09-17","Қызылорда","Ноутбук",5,25000,125000
4349,"2026-08-11","Астана","Ноутбук",4,350000,1400000
4350,"2026-03-22","Шымкент","Құлаққап",5,180000,9e+05
4351,"2026-06-02","Астана","Құлаққап",8,25000,2e+05
4352,"2026-01-14","Астана","Планшет",4,180000,720000
4353,"2026-05-17","Алматы","Телефон",4,180000,720000
4354,"2026-05-08","Қызылорда","Құлаққап",6,25000,150000
4355,"2026-02-12","Ақтөбе","Құлаққап",1,120000,120000
4356,"2026-03-26","Астана","Телефон",5,120000,6e+05
4357,"2026-07-29","Шымкент","Құлаққап",7,180000,1260000
4358,"2026-03-22","Алматы","Телефон",3,25000,75000
4359,"2026-05-01","Ақтөбе","Құлаққап",1,25000,25000
4360,"2026-06-05","Ақтөбе","Құлаққап",9,180000,1620000
4361,"2026-08-25","Алматы","Телефон",6,120000,720000
4362,"2026-06-28","Астана","Құлаққап",10,350000,3500000
4363,"2026-06-25","Астана","Телефон",7,25000,175000
4364,"2026-09-09","Қызылорда","Планшет",2,180000,360000
4365,"2026-07-10","Қызылорда","Телефон",7,120000,840000
4366,"2026-08-08","Астана","Телефон",5,350000,1750000
4367,"2026-08-17","Ақтөбе","Планшет",9,25000,225000
4368,"2026-03-31","Ақтөбе","Телефон",7,180000,1260000
4369,"2026-03-27","Шымкент","Құлаққап",6,120000,720000
4370,"2026-06-17","Астана","Құлаққап",7,120000,840000
4371,"2026-01-10","Астана","Құлаққап",1,120000,120000
4372,"2026-05-04","Астана","Құлаққап",5,350000,1750000
4373,"2026-04-28","Ақтөбе","Планшет",10,25000,250000
4374,"2026-03-15","Ақтөбе","Ноутбук",2,350000,7e+05
4375,"2026-06-23","Астана","Ноутбук",7,120000,840000
4376,"2026-08-29","Астана","Ноутбук",6,25000,150000
4377,"2026-01-21","Ақтөбе","Құлаққап",10,120000,1200000
4378,"2026-02-22","Қызылорда","Құлаққап",8,25000,2e+05
4379,"2026-01-19","Алматы","Телефон",1,180000,180000
4380,"2026-03-17","Ақтөбе","Құлаққап",3,25000,75000
4381,"2026-05-01","Ақтөбе","Құлаққап",10,120000,1200000
4382,"2026-04-17","Алматы","Планшет",1,180000,180000
4383,"2026-01-02","Қызылорда","Ноутбук",10,120000,1200000
4384,"2026-02-07","Қызылорда","Ноутбук",9,180000,1620000
4385,"2026-02-15","Қызылорда","Құлаққап",5,180000,9e+05
4386,"2026-06-07","Астана","Телефон",2,120000,240000
4387,"2026-08-28","Ақтөбе","Құлаққап",4,350000,1400000
4388,"2026-08-22","Шымкент","Ноутбук",7,180000,1260000
4389,"2026-01-07","Ақтөбе","Планшет",6,25000,150000
4390,"2026-08-19","Ақтөбе","Ноутбук",9,25000,225000
4391,"2026-06-26","Ақтөбе","Ноутбук",2,120000,240000
4392,"2026-01-29","Астана","Құлаққап",10,350000,3500000
4393,"2026-04-12","Шымкент","Құлаққап",4,180000,720000
4394,"2026-09-25","Қызылорда","Телефон",8,180000,1440000
4395,"2026-04-12","Алматы","Телефон",10,180000,1800000
4396,"2026-08-22","Астана","Ноутбук",7,120000,840000
4397,"2026-01-07","Ақтөбе","Құлаққап",9,180000,1620000
4398,"2026-04-04","Шымкент","Планшет",5,25000,125000
4399,"2026-05-08","Шымкент","Құлаққап",7,120000,840000
4400,"2026-08-29","Қызылорда","Планшет",7,25000,175000
4401,"2026-08-12","Астана","Планшет",3,350000,1050000
4402,"2026-01-19","Қызылорда","Планшет",2,180000,360000
4403,"2026-01-10","Шымкент","Телефон",5,25000,125000
4404,"2026-03-29","Қызылорда","Ноутбук",10,25000,250000
4405,"2026-07-26","Шымкент","Телефон",2,180000,360000
4406,"2026-07-11","Қызылорда","Телефон",8,120000,960000
4407,"2026-05-13","Ақтөбе","Құлаққап",6,25000,150000
4408,"2026-01-29","Ақтөбе","Телефон",4,350000,1400000
4409,"2026-05-12","Ақтөбе","Телефон",8,25000,2e+05
4410,"2026-03-25","Астана","Ноутбук",10,25000,250000
4411,"2026-04-20","Шымкент","Құлаққап",6,180000,1080000
4412,"2026-02-25","Шымкент","Ноутбук",7,180000,1260000
4413,"2026-07-15","Алматы","Құлаққап",7,25000,175000
4414,"2026-04-08","Қызылорда","Телефон",2,350000,7e+05
4415,"2026-01-30","Астана","Телефон",3,25000,75000
4416,"2026-01-12","Ақтөбе","Планшет",5,350000,1750000
4417,"2026-02-01","Алматы","Планшет",5,180000,9e+05
4418,"2026-03-04","Ақтөбе","Ноутбук",7,180000,1260000
4419,"2026-02-02","Ақтөбе","Құлаққап",10,180000,1800000
4420,"2026-04-01","Ақтөбе","Телефон",7,350000,2450000
4421,"2026-03-16","Қызылорда","Телефон",5,120000,6e+05
4422,"2026-07-18","Алматы","Телефон",8,180000,1440000
4423,"2026-02-13","Ақтөбе","Планшет",8,180000,1440000
4424,"2026-06-05","Алматы","Ноутбук",3,25000,75000
4425,"2026-08-21","Алматы","Телефон",4,25000,1e+05
4426,"2026-04-08","Шымкент","Құлаққап",2,350000,7e+05
4427,"2026-06-03","Қызылорда","Ноутбук",1,180000,180000
4428,"2026-04-30","Алматы","Ноутбук",9,350000,3150000
4429,"2026-04-11","Қызылорда","Ноутбук",3,350000,1050000
4430,"2026-06-18","Шымкент","Құлаққап",4,350000,1400000
4431,"2026-07-21","Алматы","Планшет",3,120000,360000
4432,"2026-06-04","Алматы","Ноутбук",4,350000,1400000
4433,"2026-03-26","Қызылорда","Телефон",7,350000,2450000
4434,"2026-01-03","Алматы","Құлаққап",6,180000,1080000
4435,"2026-03-27","Астана","Құлаққап",8,25000,2e+05
4436,"2026-05-23","Ақтөбе","Құлаққап",10,350000,3500000
4437,"2026-03-13","Ақтөбе","Планшет",2,120000,240000
4438,"2026-02-02","Шымкент","Телефон",6,25000,150000
4439,"2026-04-18","Шымкент","Ноутбук",8,120000,960000
4440,"2026-01-18","Шымкент","Құлаққап",2,350000,7e+05
4441,"2026-04-09","Шымкент","Ноутбук",9,350000,3150000
4442,"2026-06-25","Қызылорда","Ноутбук",6,120000,720000
4443,"2026-09-27","Алматы","Құлаққап",3,350000,1050000
4444,"2026-08-12","Ақтөбе","Телефон",3,350000,1050000
4445,"2026-07-06","Астана","Телефон",8,350000,2800000
4446,"2026-02-05","Алматы","Планшет",5,25000,125000
4447,"2026-05-02","Шымкент","Құлаққап",6,120000,720000
4448,"2026-07-21","Қызылорда","Планшет",4,25000,1e+05
4449,"2026-05-03","Ақтөбе","Телефон",1,25000,25000
4450,"2026-01-08","Шымкент","Планшет",2,350000,7e+05
4451,"2026-08-06","Ақтөбе","Телефон",10,350000,3500000
4452,"2026-04-30","Қызылорда","Құлаққап",1,25000,25000
4453,"2026-04-30","Қызылорда","Құлаққап",3,120000,360000
4454,"2026-06-02","Ақтөбе","Ноутбук",6,25000,150000
4455,"2026-08-08","Алматы","Ноутбук",10,120000,1200000
4456,"2026-08-25","Алматы","Телефон",4,120000,480000
4457,"2026-09-14","Шымкент","Ноутбук",2,120000,240000
4458,"2026-02-20","Алматы","Планшет",6,120000,720000
4459,"2026-01-29","Ақтөбе","Планшет",6,120000,720000
4460,"2026-05-08","Шымкент","Құлаққап",3,25000,75000
4461,"2026-04-09","Шымкент","Планшет",6,120000,720000
4462,"2026-06-13","Алматы","Ноутбук",8,350000,2800000
4463,"2026-06-08","Астана","Құлаққап",3,25000,75000
4464,"2026-04-22","Алматы","Құлаққап",7,120000,840000
4465,"2026-06-11","Ақтөбе","Планшет",5,180000,9e+05
4466,"2026-03-04","Ақтөбе","Телефон",9,350000,3150000
4467,"2026-04-25","Шымкент","Құлаққап",5,25000,125000
4468,"2026-08-06","Астана","Ноутбук",5,350000,1750000
4469,"2026-01-26","Алматы","Құлаққап",1,25000,25000
4470,"2026-04-29","Шымкент","Ноутбук",7,350000,2450000
4471,"2026-09-16","Қызылорда","Құлаққап",3,350000,1050000
4472,"2026-03-05","Шымкент","Планшет",3,350000,1050000
4473,"2026-06-24","Астана","Ноутбук",5,180000,9e+05
4474,"2026-02-06","Ақтөбе","Телефон",3,180000,540000
4475,"2026-04-28","Шымкент","Құлаққап",6,350000,2100000
4476,"2026-07-11","Ақтөбе","Ноутбук",3,120000,360000
4477,"2026-02-11","Қызылорда","Телефон",7,120000,840000
4478,"2026-05-08","Қызылорда","Құлаққап",7,180000,1260000
4479,"2026-01-14","Астана","Планшет",10,120000,1200000
4480,"2026-02-13","Астана","Телефон",9,25000,225000
4481,"2026-03-25","Алматы","Планшет",8,25000,2e+05
4482,"2026-04-06","Қызылорда","Ноутбук",9,120000,1080000
4483,"2026-06-23","Алматы","Құлаққап",8,120000,960000
4484,"2026-08-19","Ақтөбе","Құлаққап",5,180000,9e+05
4485,"2026-04-21","Ақтөбе","Телефон",3,350000,1050000
4486,"2026-09-22","Алматы","Ноутбук",9,120000,1080000
4487,"2026-07-03","Астана","Телефон",6,350000,2100000
4488,"2026-09-03","Ақтөбе","Ноутбук",9,25000,225000
4489,"2026-02-05","Шымкент","Планшет",7,350000,2450000
4490,"2026-06-23","Шымкент","Планшет",8,180000,1440000
4491,"2026-03-01","Қызылорда","Ноутбук",1,180000,180000
4492,"2026-02-02","Ақтөбе","Ноутбук",10,25000,250000
4493,"2026-01-14","Шымкент","Құлаққап",5,180000,9e+05
4494,"2026-07-26","Қызылорда","Телефон",7,180000,1260000
4495,"2026-05-12","Ақтөбе","Телефон",1,25000,25000
4496,"2026-08-03","Астана","Ноутбук",8,120000,960000
4497,"2026-08-29","Алматы","Құлаққап",6,350000,2100000
4498,"2026-04-23","Қызылорда","Құлаққап",2,350000,7e+05
4499,"2026-07-22","Қызылорда","Телефон",5,180000,9e+05
4500,"2026-05-19","Қызылорда","Құлаққап",3,350000,1050000
4501,"2026-07-18","Қызылорда","Планшет",2,120000,240000
4502,"2026-01-29","Алматы","Планшет",8,25000,2e+05
4503,"2026-08-23","Алматы","Телефон",3,180000,540000
4504,"2026-05-06","Қызылорда","Телефон",2,350000,7e+05
4505,"2026-01-26","Қызылорда","Ноутбук",3,25000,75000
4506,"2026-07-22","Ақтөбе","Телефон",5,120000,6e+05
4507,"2026-05-18","Қызылорда","Телефон",7,25000,175000
4508,"2026-05-11","Қызылорда","Телефон",5,350000,1750000
4509,"2026-06-29","Ақтөбе","Телефон",3,25000,75000
4510,"2026-04-12","Астана","Құлаққап",2,25000,50000
4511,"2026-09-05","Ақтөбе","Телефон",1,120000,120000
4512,"2026-05-29","Ақтөбе","Ноутбук",2,120000,240000
4513,"2026-08-27","Ақтөбе","Планшет",2,350000,7e+05
4514,"2026-01-07","Астана","Телефон",1,350000,350000
4515,"2026-08-03","Қызылорда","Планшет",4,25000,1e+05
4516,"2026-03-02","Ақтөбе","Телефон",3,25000,75000
4517,"2026-04-20","Алматы","Құлаққап",7,120000,840000
4518,"2026-02-12","Ақтөбе","Құлаққап",6,350000,2100000
4519,"2026-08-18","Астана","Телефон",6,180000,1080000
4520,"2026-02-01","Алматы","Құлаққап",8,180000,1440000
4521,"2026-06-16","Алматы","Планшет",8,25000,2e+05
4522,"2026-03-03","Астана","Телефон",3,180000,540000
4523,"2026-01-31","Астана","Планшет",6,180000,1080000
4524,"2026-02-07","Қызылорда","Ноутбук",9,25000,225000
4525,"2026-06-19","Астана","Планшет",5,350000,1750000
4526,"2026-02-20","Алматы","Құлаққап",10,120000,1200000
4527,"2026-05-27","Ақтөбе","Құлаққап",1,180000,180000
4528,"2026-07-31","Қызылорда","Ноутбук",3,120000,360000
4529,"2026-09-21","Астана","Ноутбук",10,180000,1800000
4530,"2026-09-02","Ақтөбе","Ноутбук",6,350000,2100000
4531,"2026-02-08","Шымкент","Құлаққап",5,180000,9e+05
4532,"2026-02-17","Шымкент","Құлаққап",10,25000,250000
4533,"2026-03-24","Қызылорда","Ноутбук",8,180000,1440000
4534,"2026-02-06","Қызылорда","Ноутбук",2,120000,240000
4535,"2026-08-23","Қызылорда","Планшет",6,350000,2100000
4536,"2026-07-23","Ақтөбе","Телефон",7,180000,1260000
4537,"2026-03-28","Алматы","Планшет",8,180000,1440000
4538,"2026-06-23","Шымкент","Планшет",6,350000,2100000
4539,"2026-08-04","Алматы","Ноутбук",6,350000,2100000
4540,"2026-04-26","Алматы","Ноутбук",7,120000,840000
4541,"2026-05-29","Қызылорда","Телефон",4,180000,720000
4542,"2026-01-28","Ақтөбе","Телефон",10,180000,1800000
4543,"2026-08-08","Шымкент","Планшет",7,25000,175000
4544,"2026-06-29","Шымкент","Ноутбук",4,350000,1400000
4545,"2026-07-14","Астана","Телефон",8,120000,960000
4546,"2026-09-03","Алматы","Телефон",7,120000,840000
4547,"2026-08-24","Шымкент","Құлаққап",9,180000,1620000
4548,"2026-06-06","Қызылорда","Телефон",5,180000,9e+05
4549,"2026-03-07","Астана","Құлаққап",9,350000,3150000
4550,"2026-06-26","Қызылорда","Телефон",3,25000,75000
4551,"2026-03-01","Қызылорда","Ноутбук",7,25000,175000
4552,"2026-03-11","Алматы","Планшет",10,180000,1800000
4553,"2026-08-02","Астана","Ноутбук",8,350000,2800000
4554,"2026-05-15","Қызылорда","Құлаққап",1,120000,120000
4555,"2026-08-10","Астана","Ноутбук",8,25000,2e+05
4556,"2026-06-10","Алматы","Құлаққап",8,180000,1440000
4557,"2026-04-20","Алматы","Құлаққап",10,25000,250000
4558,"2026-03-20","Шымкент","Планшет",3,180000,540000
4559,"2026-04-18","Шымкент","Планшет",7,25000,175000
4560,"2026-05-24","Шымкент","Планшет",5,350000,1750000
4561,"2026-04-04","Астана","Ноутбук",6,120000,720000
4562,"2026-09-19","Ақтөбе","Планшет",6,25000,150000
4563,"2026-08-10","Ақтөбе","Планшет",6,180000,1080000
4564,"2026-02-10","Астана","Құлаққап",7,25000,175000
4565,"2026-06-24","Қызылорда","Ноутбук",9,180000,1620000
4566,"2026-07-10","Қызылорда","Ноутбук",5,350000,1750000
4567,"2026-03-25","Ақтөбе","Ноутбук",6,120000,720000
4568,"2026-09-02","Шымкент","Құлаққап",4,180000,720000
4569,"2026-09-07","Алматы","Ноутбук",10,350000,3500000
4570,"2026-01-14","Қызылорда","Құлаққап",10,350000,3500000
4571,"2026-02-11","Ақтөбе","Телефон",2,180000,360000
4572,"2026-09-24","Шымкент","Планшет",4,350000,1400000
4573,"2026-03-21","Қызылорда","Ноутбук",9,25000,225000
4574,"2026-03-11","Шымкент","Құлаққап",4,25000,1e+05
4575,"2026-08-06","Ақтөбе","Телефон",5,120000,6e+05
4576,"2026-07-26","Алматы","Құлаққап",3,350000,1050000
4577,"2026-03-12","Астана","Планшет",6,25000,150000
4578,"2026-05-12","Қызылорда","Телефон",1,180000,180000
4579,"2026-05-25","Астана","Планшет",9,180000,1620000
4580,"2026-03-15","Шымкент","Планшет",8,25000,2e+05
4581,"2026-05-11","Қызылорда","Ноутбук",1,120000,120000
4582,"2026-09-19","Алматы","Ноутбук",8,120000,960000
4583,"2026-02-19","Алматы","Құлаққап",10,350000,3500000
4584,"2026-03-12","Ақтөбе","Ноутбук",3,25000,75000
4585,"2026-08-31","Астана","Телефон",10,120000,1200000
4586,"2026-04-18","Алматы","Құлаққап",2,120000,240000
4587,"2026-09-26","Астана","Ноутбук",4,25000,1e+05
4588,"2026-02-17","Қызылорда","Құлаққап",5,25000,125000
4589,"2026-05-14","Шымкент","Телефон",3,25000,75000
4590,"2026-08-28","Алматы","Құлаққап",8,25000,2e+05
4591,"2026-04-22","Астана","Ноутбук",7,350000,2450000
4592,"2026-03-23","Ақтөбе","Ноутбук",3,350000,1050000
4593,"2026-08-08","Қызылорда","Телефон",7,180000,1260000
4594,"2026-08-25","Қызылорда","Ноутбук",1,120000,120000
4595,"2026-04-04","Астана","Ноутбук",4,180000,720000
4596,"2026-03-12","Астана","Телефон",4,350000,1400000
4597,"2026-07-31","Қызылорда","Телефон",7,180000,1260000
4598,"2026-09-10","Шымкент","Ноутбук",8,120000,960000
4599,"2026-08-23","Алматы","Телефон",7,180000,1260000
4600,"2026-01-13","Қызылорда","Телефон",1,180000,180000
4601,"2026-02-11","Алматы","Құлаққап",1,350000,350000
4602,"2026-03-19","Астана","Планшет",6,25000,150000
4603,"2026-05-04","Шымкент","Телефон",6,120000,720000
4604,"2026-01-17","Ақтөбе","Телефон",9,350000,3150000
4605,"2026-06-17","Шымкент","Ноутбук",7,25000,175000
4606,"2026-04-19","Алматы","Құлаққап",1,350000,350000
4607,"2026-02-03","Қызылорда","Ноутбук",10,180000,1800000
4608,"2026-07-15","Шымкент","Құлаққап",10,25000,250000
4609,"2026-07-15","Ақтөбе","Құлаққап",5,350000,1750000
4610,"2026-05-29","Ақтөбе","Ноутбук",9,180000,1620000
4611,"2026-04-09","Қызылорда","Телефон",3,180000,540000
4612,"2026-01-22","Қызылорда","Ноутбук",7,25000,175000
4613,"2026-02-05","Ақтөбе","Планшет",1,25000,25000
4614,"2026-08-18","Астана","Құлаққап",5,350000,1750000
4615,"2026-03-18","Шымкент","Планшет",1,350000,350000
4616,"2026-09-26","Астана","Планшет",7,180000,1260000
4617,"2026-04-06","Алматы","Ноутбук",8,25000,2e+05
4618,"2026-07-02","Қызылорда","Телефон",6,120000,720000
4619,"2026-02-03","Алматы","Планшет",4,120000,480000
4620,"2026-08-15","Астана","Телефон",2,180000,360000
4621,"2026-01-01","Алматы","Телефон",10,350000,3500000
4622,"2026-09-21","Шымкент","Телефон",2,25000,50000
4623,"2026-09-23","Қызылорда","Планшет",9,25000,225000
4624,"2026-01-29","Алматы","Құлаққап",2,350000,7e+05
4625,"2026-09-05","Алматы","Планшет",5,350000,1750000
4626,"2026-01-29","Ақтөбе","Ноутбук",7,350000,2450000
4627,"2026-05-29","Астана","Құлаққап",10,180000,1800000
4628,"2026-05-09","Қызылорда","Телефон",1,25000,25000
4629,"2026-07-30","Астана","Құлаққап",7,180000,1260000
4630,"2026-04-01","Шымкент","Құлаққап",7,120000,840000
4631,"2026-05-25","Шымкент","Құлаққап",3,180000,540000
4632,"2026-08-30","Астана","Телефон",5,120000,6e+05
4633,"2026-04-12","Ақтөбе","Ноутбук",4,25000,1e+05
4634,"2026-01-27","Шымкент","Телефон",10,120000,1200000
4635,"2026-06-01","Қызылорда","Планшет",4,180000,720000
4636,"2026-07-07","Қызылорда","Ноутбук",8,350000,2800000
4637,"2026-09-04","Алматы","Планшет",3,25000,75000
4638,"2026-06-04","Ақтөбе","Телефон",9,180000,1620000
4639,"2026-03-21","Шымкент","Телефон",10,120000,1200000
4640,"2026-01-02","Астана","Ноутбук",2,350000,7e+05
4641,"2026-05-23","Ақтөбе","Планшет",7,180000,1260000
4642,"2026-08-07","Қызылорда","Телефон",2,25000,50000
4643,"2026-02-06","Астана","Құлаққап",7,25000,175000
4644,"2026-09-05","Алматы","Ноутбук",4,120000,480000
4645,"2026-07-11","Алматы","Ноутбук",1,350000,350000
4646,"2026-06-11","Ақтөбе","Телефон",3,180000,540000
4647,"2026-07-26","Шымкент","Құлаққап",10,25000,250000
4648,"2026-04-06","Астана","Құлаққап",10,120000,1200000
4649,"2026-09-01","Қызылорда","Құлаққап",2,350000,7e+05
4650,"2026-04-07","Шымкент","Құлаққап",9,180000,1620000
4651,"2026-05-29","Ақтөбе","Планшет",4,180000,720000
4652,"2026-09-18","Ақтөбе","Телефон",4,350000,1400000
4653,"2026-07-21","Қызылорда","Құлаққап",9,25000,225000
4654,"2026-08-14","Шымкент","Планшет",1,120000,120000
4655,"2026-08-06","Ақтөбе","Ноутбук",5,350000,1750000
4656,"2026-05-19","Астана","Телефон",6,180000,1080000
4657,"2026-06-24","Қызылорда","Телефон",9,180000,1620000
4658,"2026-04-04","Шымкент","Құлаққап",5,180000,9e+05
4659,"2026-03-10","Шымкент","Құлаққап",6,350000,2100000
4660,"2026-08-17","Ақтөбе","Телефон",5,350000,1750000
4661,"2026-01-22","Алматы","Планшет",7,120000,840000
4662,"2026-01-20","Астана","Планшет",8,350000,2800000
4663,"2026-05-14","Ақтөбе","Планшет",4,120000,480000
4664,"2026-08-02","Қызылорда","Ноутбук",4,25000,1e+05
4665,"2026-06-11","Ақтөбе","Телефон",3,120000,360000
4666,"2026-03-30","Қызылорда","Құлаққап",1,180000,180000
4667,"2026-01-06","Қызылорда","Құлаққап",6,180000,1080000
4668,"2026-08-19","Алматы","Ноутбук",9,350000,3150000
4669,"2026-09-04","Алматы","Құлаққап",10,180000,1800000
4670,"2026-03-16","Ақтөбе","Ноутбук",3,180000,540000
4671,"2026-04-10","Шымкент","Құлаққап",1,120000,120000
4672,"2026-05-12","Ақтөбе","Ноутбук",5,180000,9e+05
4673,"2026-02-13","Шымкент","Ноутбук",5,25000,125000
4674,"2026-08-28","Астана","Құлаққап",6,120000,720000
4675,"2026-09-23","Ақтөбе","Ноутбук",2,180000,360000
4676,"2026-03-14","Астана","Ноутбук",4,350000,1400000
4677,"2026-05-03","Шымкент","Ноутбук",1,350000,350000
4678,"2026-04-03","Ақтөбе","Планшет",2,120000,240000
4679,"2026-06-11","Алматы","Құлаққап",2,350000,7e+05
4680,"2026-03-09","Шымкент","Планшет",9,180000,1620000
4681,"2026-04-03","Астана","Телефон",4,25000,1e+05
4682,"2026-03-22","Ақтөбе","Ноутбук",2,25000,50000
4683,"2026-07-19","Ақтөбе","Құлаққап",4,180000,720000
4684,"2026-08-28","Қызылорда","Құлаққап",5,350000,1750000
4685,"2026-03-01","Ақтөбе","Құлаққап",6,25000,150000
4686,"2026-04-29","Ақтөбе","Құлаққап",6,180000,1080000
4687,"2026-06-19","Алматы","Ноутбук",6,350000,2100000
4688,"2026-01-17","Шымкент","Құлаққап",2,25000,50000
4689,"2026-07-02","Шымкент","Планшет",8,350000,2800000
4690,"2026-03-17","Қызылорда","Планшет",9,120000,1080000
4691,"2026-05-23","Ақтөбе","Планшет",7,120000,840000
4692,"2026-09-20","Қызылорда","Ноутбук",8,180000,1440000
4693,"2026-02-26","Астана","Құлаққап",8,350000,2800000
4694,"2026-06-13","Шымкент","Телефон",2,180000,360000
4695,"2026-02-13","Қызылорда","Ноутбук",4,120000,480000
4696,"2026-09-19","Шымкент","Телефон",5,25000,125000
4697,"2026-05-04","Алматы","Планшет",8,120000,960000
4698,"2026-01-02","Астана","Телефон",10,180000,1800000
4699,"2026-04-11","Шымкент","Ноутбук",4,350000,1400000
4700,"2026-06-23","Алматы","Планшет",5,180000,9e+05
4701,"2026-03-11","Алматы","Планшет",10,350000,3500000
4702,"2026-05-29","Астана","Планшет",1,350000,350000
4703,"2026-03-31","Ақтөбе","Телефон",8,120000,960000
4704,"2026-03-01","Шымкент","Ноутбук",6,25000,150000
4705,"2026-09-07","Қызылорда","Планшет",2,350000,7e+05
4706,"2026-06-17","Шымкент","Телефон",4,180000,720000
4707,"2026-07-09","Алматы","Ноутбук",6,25000,150000
4708,"2026-07-28","Алматы","Құлаққап",4,350000,1400000
4709,"2026-01-08","Астана","Телефон",9,25000,225000
4710,"2026-05-02","Астана","Телефон",3,350000,1050000
4711,"2026-07-23","Шымкент","Құлаққап",9,25000,225000
4712,"2026-09-18","Қызылорда","Планшет",4,350000,1400000
4713,"2026-05-03","Ақтөбе","Құлаққап",7,180000,1260000
4714,"2026-09-02","Алматы","Планшет",3,120000,360000
4715,"2026-01-24","Астана","Телефон",7,180000,1260000
4716,"2026-05-01","Қызылорда","Планшет",3,350000,1050000
4717,"2026-09-18","Шымкент","Құлаққап",9,25000,225000
4718,"2026-06-13","Ақтөбе","Телефон",3,350000,1050000
4719,"2026-05-28","Астана","Телефон",4,180000,720000
4720,"2026-08-26","Астана","Ноутбук",7,25000,175000
4721,"2026-01-14","Астана","Құлаққап",8,120000,960000
4722,"2026-07-02","Алматы","Ноутбук",5,120000,6e+05
4723,"2026-04-10","Алматы","Телефон",4,25000,1e+05
4724,"2026-02-19","Шымкент","Телефон",1,350000,350000
4725,"2026-05-25","Ақтөбе","Планшет",6,120000,720000
4726,"2026-03-06","Қызылорда","Құлаққап",9,25000,225000
4727,"2026-08-05","Алматы","Планшет",3,180000,540000
4728,"2026-01-07","Шымкент","Құлаққап",2,120000,240000
4729,"2026-08-27","Ақтөбе","Құлаққап",4,120000,480000
4730,"2026-02-23","Алматы","Құлаққап",5,25000,125000
4731,"2026-03-20","Қызылорда","Телефон",2,25000,50000
4732,"2026-06-15","Алматы","Планшет",10,120000,1200000
4733,"2026-07-25","Алматы","Телефон",8,120000,960000
4734,"2026-03-30","Қызылорда","Планшет",5,350000,1750000
4735,"2026-04-11","Қызылорда","Ноутбук",3,120000,360000
4736,"2026-01-07","Алматы","Құлаққап",8,120000,960000
4737,"2026-02-05","Шымкент","Құлаққап",8,25000,2e+05
4738,"2026-03-09","Ақтөбе","Құлаққап",8,120000,960000
4739,"2026-07-31","Астана","Телефон",6,120000,720000
4740,"2026-06-25","Ақтөбе","Планшет",9,25000,225000
4741,"2026-01-12","Алматы","Ноутбук",5,350000,1750000
4742,"2026-02-25","Ақтөбе","Ноутбук",3,350000,1050000
4743,"2026-01-09","Ақтөбе","Құлаққап",5,350000,1750000
4744,"2026-07-16","Шымкент","Телефон",4,25000,1e+05
4745,"2026-09-24","Шымкент","Ноутбук",8,350000,2800000
4746,"2026-01-04","Алматы","Телефон",7,120000,840000
4747,"2026-02-11","Ақтөбе","Планшет",8,25000,2e+05
4748,"2026-04-27","Алматы","Планшет",4,120000,480000
4749,"2026-07-09","Алматы","Ноутбук",8,25000,2e+05
4750,"2026-04-10","Шымкент","Құлаққап",9,25000,225000
4751,"2026-04-10","Астана","Телефон",5,25000,125000
4752,"2026-09-13","Шымкент","Планшет",8,25000,2e+05
4753,"2026-08-26","Қызылорда","Планшет",9,25000,225000
4754,"2026-09-12","Қызылорда","Құлаққап",1,350000,350000
4755,"2026-02-18","Қызылорда","Құлаққап",5,180000,9e+05
4756,"2026-07-07","Алматы","Планшет",4,120000,480000
4757,"2026-01-28","Ақтөбе","Ноутбук",9,180000,1620000
4758,"2026-03-16","Қызылорда","Ноутбук",1,350000,350000
4759,"2026-03-11","Шымкент","Телефон",3,120000,360000
4760,"2026-08-03","Алматы","Құлаққап",9,120000,1080000
4761,"2026-05-30","Қызылорда","Планшет",6,120000,720000
4762,"2026-07-21","Ақтөбе","Телефон",7,350000,2450000
4763,"2026-05-05","Ақтөбе","Планшет",8,25000,2e+05
4764,"2026-03-13","Астана","Телефон",1,120000,120000
4765,"2026-04-17","Шымкент","Планшет",2,350000,7e+05
4766,"2026-01-13","Астана","Планшет",3,120000,360000
4767,"2026-07-18","Шымкент","Планшет",1,120000,120000
4768,"2026-03-25","Ақтөбе","Телефон",9,350000,3150000
4769,"2026-08-22","Қызылорда","Телефон",4,25000,1e+05
4770,"2026-06-30","Астана","Телефон",6,120000,720000
4771,"2026-03-02","Қызылорда","Құлаққап",1,180000,180000
4772,"2026-05-10","Алматы","Құлаққап",8,180000,1440000
4773,"2026-06-28","Ақтөбе","Телефон",7,180000,1260000
4774,"2026-01-11","Шымкент","Құлаққап",9,120000,1080000
4775,"2026-05-28","Алматы","Планшет",4,180000,720000
4776,"2026-01-25","Алматы","Құлаққап",9,25000,225000
4777,"2026-08-10","Алматы","Ноутбук",4,120000,480000
4778,"2026-01-07","Шымкент","Ноутбук",8,25000,2e+05
4779,"2026-04-18","Қызылорда","Планшет",10,180000,1800000
4780,"2026-03-13","Ақтөбе","Ноутбук",6,180000,1080000
4781,"2026-08-03","Ақтөбе","Телефон",8,350000,2800000
4782,"2026-09-05","Ақтөбе","Планшет",6,120000,720000
4783,"2026-02-26","Астана","Құлаққап",6,25000,150000
4784,"2026-03-21","Астана","Құлаққап",4,25000,1e+05
4785,"2026-05-10","Қызылорда","Телефон",2,25000,50000
4786,"2026-08-27","Астана","Планшет",5,120000,6e+05
4787,"2026-08-23","Қызылорда","Телефон",8,120000,960000
4788,"2026-02-14","Астана","Телефон",8,120000,960000
4789,"2026-07-07","Алматы","Ноутбук",3,180000,540000
4790,"2026-06-13","Астана","Планшет",7,180000,1260000
4791,"2026-07-18","Қызылорда","Ноутбук",5,350000,1750000
4792,"2026-08-08","Астана","Планшет",2,25000,50000
4793,"2026-05-06","Шымкент","Құлаққап",8,120000,960000
4794,"2026-05-06","Қызылорда","Планшет",2,350000,7e+05
4795,"2026-02-21","Шымкент","Ноутбук",2,25000,50000
4796,"2026-03-19","Шымкент","Планшет",8,120000,960000
4797,"2026-02-03","Ақтөбе","Телефон",7,25000,175000
4798,"2026-07-03","Қызылорда","Құлаққап",1,180000,180000
4799,"2026-04-18","Қызылорда","Планшет",1,180000,180000
4800,"2026-02-24","Ақтөбе","Құлаққап",8,180000,1440000
4801,"2026-03-11","Алматы","Ноутбук",6,120000,720000
4802,"2026-01-23","Астана","Ноутбук",6,180000,1080000
4803,"2026-04-09","Алматы","Құлаққап",7,350000,2450000
4804,"2026-04-27","Шымкент","Ноутбук",8,120000,960000
4805,"2026-03-03","Қызылорда","Планшет",3,180000,540000
4806,"2026-08-01","Астана","Планшет",1,350000,350000
4807,"2026-01-12","Қызылорда","Құлаққап",8,120000,960000
4808,"2026-08-24","Астана","Планшет",10,120000,1200000
4809,"2026-07-20","Шымкент","Планшет",2,350000,7e+05
4810,"2026-07-16","Шымкент","Планшет",1,25000,25000
4811,"2026-07-06","Ақтөбе","Планшет",9,350000,3150000
4812,"2026-07-13","Алматы","Құлаққап",1,120000,120000
4813,"2026-04-07","Қызылорда","Ноутбук",10,180000,1800000
4814,"2026-03-19","Алматы","Телефон",10,25000,250000
4815,"2026-09-20","Қызылорда","Құлаққап",6,120000,720000
4816,"2026-02-06","Қызылорда","Құлаққап",8,180000,1440000
4817,"2026-05-28","Ақтөбе","Құлаққап",4,180000,720000
4818,"2026-09-13","Шымкент","Планшет",3,25000,75000
4819,"2026-04-23","Ақтөбе","Құлаққап",10,350000,3500000
4820,"2026-04-21","Астана","Ноутбук",4,350000,1400000
4821,"2026-09-23","Ақтөбе","Телефон",9,180000,1620000
4822,"2026-08-05","Шымкент","Планшет",6,120000,720000
4823,"2026-02-12","Шымкент","Планшет",8,180000,1440000
4824,"2026-02-10","Ақтөбе","Планшет",6,25000,150000
4825,"2026-05-09","Ақтөбе","Планшет",9,350000,3150000
4826,"2026-09-22","Алматы","Телефон",6,120000,720000
4827,"2026-07-21","Алматы","Телефон",2,350000,7e+05
4828,"2026-09-08","Астана","Ноутбук",6,180000,1080000
4829,"2026-07-31","Алматы","Құлаққап",1,120000,120000
4830,"2026-05-14","Астана","Ноутбук",1,25000,25000
4831,"2026-03-31","Астана","Ноутбук",10,180000,1800000
4832,"2026-06-11","Алматы","Телефон",3,180000,540000
4833,"2026-08-13","Шымкент","Ноутбук",4,25000,1e+05
4834,"2026-04-10","Астана","Телефон",7,180000,1260000
4835,"2026-02-16","Шымкент","Құлаққап",2,25000,50000
4836,"2026-08-12","Шымкент","Телефон",2,120000,240000
4837,"2026-05-31","Шымкент","Телефон",7,25000,175000
4838,"2026-02-09","Қызылорда","Құлаққап",6,180000,1080000
4839,"2026-08-15","Алматы","Телефон",2,350000,7e+05
4840,"2026-05-14","Ақтөбе","Телефон",4,120000,480000
4841,"2026-01-31","Қызылорда","Планшет",1,25000,25000
4842,"2026-05-30","Алматы","Телефон",5,350000,1750000
4843,"2026-05-21","Ақтөбе","Құлаққап",6,180000,1080000
4844,"2026-03-22","Ақтөбе","Планшет",5,180000,9e+05
4845,"2026-01-20","Қызылорда","Телефон",2,120000,240000
4846,"2026-01-09","Астана","Ноутбук",9,180000,1620000
4847,"2026-05-09","Астана","Телефон",9,25000,225000
4848,"2026-09-12","Алматы","Телефон",10,180000,1800000
4849,"2026-09-19","Ақтөбе","Құлаққап",6,350000,2100000
4850,"2026-03-16","Шымкент","Ноутбук",9,180000,1620000
4851,"2026-08-28","Қызылорда","Планшет",6,180000,1080000
4852,"2026-04-15","Қызылорда","Ноутбук",2,350000,7e+05
4853,"2026-02-23","Ақтөбе","Телефон",8,120000,960000
4854,"2026-04-04","Астана","Планшет",3,350000,1050000
4855,"2026-09-07","Астана","Ноутбук",3,25000,75000
4856,"2026-05-15","Қызылорда","Телефон",8,25000,2e+05
4857,"2026-03-31","Астана","Телефон",8,120000,960000
4858,"2026-06-25","Шымкент","Планшет",2,180000,360000
4859,"2026-04-16","Шымкент","Ноутбук",6,120000,720000
4860,"2026-04-08","Астана","Ноутбук",6,350000,2100000
4861,"2026-03-23","Ақтөбе","Ноутбук",8,120000,960000
4862,"2026-02-20","Астана","Планшет",8,350000,2800000
4863,"2026-09-08","Астана","Телефон",8,180000,1440000
4864,"2026-09-13","Қызылорда","Құлаққап",1,180000,180000
4865,"2026-06-13","Шымкент","Құлаққап",8,120000,960000
4866,"2026-04-18","Шымкент","Құлаққап",3,25000,75000
4867,"2026-06-24","Қызылорда","Планшет",1,25000,25000
4868,"2026-08-09","Қызылорда","Құлаққап",9,180000,1620000
4869,"2026-01-05","Астана","Планшет",4,180000,720000
4870,"2026-07-06","Астана","Телефон",6,120000,720000
4871,"2026-04-05","Ақтөбе","Құлаққап",2,350000,7e+05
4872,"2026-08-21","Астана","Құлаққап",1,120000,120000
4873,"2026-05-06","Шымкент","Планшет",10,25000,250000
4874,"2026-07-16","Шымкент","Ноутбук",9,25000,225000
4875,"2026-03-25","Алматы","Телефон",9,120000,1080000
4876,"2026-03-23","Шымкент","Планшет",5,350000,1750000
4877,"2026-08-22","Шымкент","Телефон",5,180000,9e+05
4878,"2026-03-08","Ақтөбе","Телефон",9,25000,225000
4879,"2026-09-23","Қызылорда","Телефон",6,180000,1080000
4880,"2026-02-03","Ақтөбе","Құлаққап",6,350000,2100000
4881,"2026-03-30","Шымкент","Ноутбук",4,180000,720000
4882,"2026-02-26","Астана","Планшет",1,350000,350000
4883,"2026-07-03","Алматы","Ноутбук",4,350000,1400000
4884,"2026-07-26","Ақтөбе","Құлаққап",6,180000,1080000
4885,"2026-02-27","Алматы","Құлаққап",1,120000,120000
4886,"2026-06-14","Ақтөбе","Планшет",1,25000,25000
4887,"2026-06-05","Ақтөбе","Құлаққап",5,180000,9e+05
4888,"2026-04-22","Астана","Құлаққап",2,25000,50000
4889,"2026-06-04","Алматы","Телефон",6,180000,1080000
4890,"2026-03-11","Ақтөбе","Ноутбук",4,120000,480000
4891,"2026-05-20","Астана","Құлаққап",9,25000,225000
4892,"2026-07-08","Шымкент","Телефон",8,350000,2800000
4893,"2026-04-14","Астана","Планшет",10,25000,250000
4894,"2026-08-25","Алматы","Планшет",3,25000,75000
4895,"2026-03-09","Алматы","Планшет",9,25000,225000
4896,"2026-09-11","Алматы","Ноутбук",8,180000,1440000
4897,"2026-03-18","Ақтөбе","Планшет",4,120000,480000
4898,"2026-09-19","Ақтөбе","Планшет",4,25000,1e+05
4899,"2026-07-12","Ақтөбе","Телефон",4,180000,720000
4900,"2026-09-27","Ақтөбе","Телефон",2,350000,7e+05
4901,"2026-07-22","Алматы","Телефон",8,25000,2e+05
4902,"2026-08-19","Қызылорда","Телефон",4,180000,720000
4903,"2026-02-05","Шымкент","Ноутбук",2,25000,50000
4904,"2026-02-16","Ақтөбе","Құлаққап",2,180000,360000
4905,"2026-08-29","Шымкент","Телефон",2,120000,240000
4906,"2026-02-02","Алматы","Ноутбук",10,25000,250000
4907,"2026-06-12","Алматы","Планшет",4,180000,720000
4908,"2026-07-11","Астана","Планшет",4,120000,480000
4909,"2026-04-19","Алматы","Телефон",4,180000,720000
4910,"2026-01-21","Қызылорда","Планшет",8,180000,1440000
4911,"2026-07-15","Алматы","Телефон",5,350000,1750000
4912,"2026-03-10","Қызылорда","Планшет",3,25000,75000
4913,"2026-05-02","Шымкент","Ноутбук",8,180000,1440000
4914,"2026-02-11","Алматы","Ноутбук",7,120000,840000
4915,"2026-09-03","Қызылорда","Планшет",5,25000,125000
4916,"2026-08-05","Қызылорда","Телефон",10,120000,1200000
4917,"2026-01-14","Алматы","Құлаққап",1,25000,25000
4918,"2026-05-02","Алматы","Планшет",9,350000,3150000
4919,"2026-03-06","Астана","Телефон",1,120000,120000
4920,"2026-09-17","Шымкент","Ноутбук",5,180000,9e+05
4921,"2026-01-15","Астана","Ноутбук",5,120000,6e+05
4922,"2026-05-13","Қызылорда","Құлаққап",6,350000,2100000
4923,"2026-04-10","Алматы","Ноутбук",3,350000,1050000
4924,"2026-06-16","Қызылорда","Телефон",8,180000,1440000
4925,"2026-07-24","Алматы","Ноутбук",10,180000,1800000
4926,"2026-07-29","Астана","Телефон",8,350000,2800000
4927,"2026-04-24","Қызылорда","Планшет",6,180000,1080000
4928,"2026-07-01","Ақтөбе","Телефон",8,25000,2e+05
4929,"2026-09-13","Ақтөбе","Телефон",10,350000,3500000
4930,"2026-02-27","Ақтөбе","Планшет",5,350000,1750000
4931,"2026-03-14","Астана","Планшет",10,350000,3500000
4932,"2026-03-03","Алматы","Ноутбук",9,180000,1620000
4933,"2026-05-07","Қызылорда","Ноутбук",5,120000,6e+05
4934,"2026-07-16","Қызылорда","Құлаққап",9,350000,3150000
4935,"2026-03-08","Шымкент","Планшет",9,350000,3150000
4936,"2026-07-14","Шымкент","Құлаққап",7,180000,1260000
4937,"2026-03-31","Астана","Планшет",4,120000,480000
4938,"2026-03-18","Астана","Планшет",3,25000,75000
4939,"2026-04-09","Шымкент","Ноутбук",6,120000,720000
4940,"2026-08-18","Алматы","Планшет",8,25000,2e+05
4941,"2026-01-26","Алматы","Құлаққап",2,180000,360000
4942,"2026-07-17","Астана","Планшет",1,350000,350000
4943,"2026-01-31","Астана","Құлаққап",6,25000,150000
4944,"2026-08-07","Ақтөбе","Ноутбук",4,180000,720000
4945,"2026-04-29","Шымкент","Ноутбук",3,180000,540000
4946,"2026-01-27","Қызылорда","Ноутбук",5,120000,6e+05
4947,"2026-07-23","Қызылорда","Ноутбук",2,25000,50000
4948,"2026-04-23","Шымкент","Телефон",1,350000,350000
4949,"2026-07-30","Ақтөбе","Құлаққап",6,350000,2100000
4950,"2026-06-01","Алматы","Ноутбук",6,120000,720000
4951,"2026-05-30","Алматы","Телефон",10,120000,1200000
4952,"2026-01-08","Шымкент","Құлаққап",7,180000,1260000
4953,"2026-06-20","Астана","Ноутбук",1,180000,180000
4954,"2026-04-26","Шымкент","Планшет",7,350000,2450000
4955,"2026-04-06","Қызылорда","Телефон",9,350000,3150000
4956,"2026-07-30","Ақтөбе","Планшет",5,25000,125000
4957,"2026-01-07","Шымкент","Планшет",5,120000,6e+05
4958,"2026-08-05","Ақтөбе","Планшет",2,120000,240000
4959,"2026-01-01","Ақтөбе","Планшет",3,180000,540000
4960,"2026-09-08","Алматы","Телефон",10,180000,1800000
4961,"2026-06-11","Қызылорда","Ноутбук",6,120000,720000
4962,"2026-05-25","Қызылорда","Телефон",1,180000,180000
4963,"2026-08-05","Шымкент","Планшет",7,25000,175000
4964,"2026-05-29","Ақтөбе","Планшет",4,25000,1e+05
4965,"2026-04-25","Астана","Құлаққап",7,350000,2450000
4966,"2026-07-14","Шымкент","Құлаққап",10,350000,3500000
4967,"2026-06-26","Шымкент","Планшет",9,350000,3150000
4968,"2026-02-26","Шымкент","Құлаққап",8,350000,2800000
4969,"2026-08-21","Ақтөбе","Құлаққап",3,120000,360000
4970,"2026-06-06","Ақтөбе","Ноутбук",5,350000,1750000
4971,"2026-04-28","Шымкент","Ноутбук",4,180000,720000
4972,"2026-03-30","Алматы","Планшет",5,180000,9e+05
4973,"2026-03-13","Шымкент","Телефон",4,120000,480000
4974,"2026-07-03","Ақтөбе","Планшет",5,120000,6e+05
4975,"2026-05-09","Қызылорда","Планшет",10,350000,3500000
4976,"2026-02-26","Шымкент","Планшет",9,350000,3150000
4977,"2026-08-24","Қызылорда","Құлаққап",2,180000,360000
4978,"2026-07-01","Қызылорда","Ноутбук",5,120000,6e+05
4979,"2026-03-23","Алматы","Планшет",1,25000,25000
4980,"2026-04-07","Ақтөбе","Планшет",2,350000,7e+05
4981,"2026-05-29","Астана","Планшет",7,120000,840000
4982,"2026-01-16","Алматы","Құлаққап",8,25000,2e+05
4983,"2026-07-27","Астана","Құлаққап",3,350000,1050000
4984,"2026-08-06","Астана","Құлаққап",10,25000,250000
4985,"2026-04-29","Шымкент","Құлаққап",4,180000,720000
4986,"2026-07-03","Астана","Планшет",4,120000,480000
4987,"2026-07-20","Ақтөбе","Планшет",10,120000,1200000
4988,"2026-07-14","Ақтөбе","Телефон",4,120000,480000
4989,"2026-01-01","Ақтөбе","Планшет",4,180000,720000
4990,"2026-07-11","Ақтөбе","Телефон",1,25000,25000
4991,"2026-09-14","Астана","Құлаққап",6,180000,1080000
4992,"2026-05-26","Алматы","Құлаққап",4,120000,480000
4993,"2026-09-24","Қызылорда","Планшет",3,120000,360000
4994,"2026-04-23","Шымкент","Планшет",4,25000,1e+05
4995,"2026-02-21","Қызылорда","Ноутбук",5,350000,1750000
4996,"2026-05-12","Ақтөбе","Телефон",3,180000,540000
4997,"2026-01-18","Ақтөбе","Құлаққап",10,120000,1200000
4998,"2026-01-09","Ақтөбе","Ноутбук",4,25000,1e+05
4999,"2026-07-25","Шымкент","Құлаққап",4,25000,1e+05
5000,"2026-02-16","Алматы","Ноутбук",1,180000,180000
